Solution,Window,Sparsity,Precision,Test Instance,NUN Instance
"[[-0.597549 -0.581217 -0.592066 ...  0.541594  0.5495    0.247083]
 [ 0.191162  0.005195 -0.685412 ... -0.713343 -0.742404 -0.823212]
 [-0.801864 -0.762702 -0.682196 ...  0.041314  0.036757 -0.045099]
 ...
 [-0.135469 -0.095192 -0.090881 ... -0.806243 -0.804118 -0.805056]
 [-0.803497 -0.803804 -0.806841 ... -0.955515 -1.35423  -1.493602]
 [-1.446228 -1.171538 -0.730646 ... -0.84923  -0.819915 -0.787852]]",19,0.6274509803921569,0.89160126,0,68
"[[-0.607456 -0.611583 -0.605547 ... -2.478759 -2.350196 -2.218169]
 [-2.197657 -1.842788 -1.1581   ... -0.753074 -0.612031 -0.557092]
 [-0.600117 -0.633856 -0.633755 ... -0.630508 -0.192192 -0.022255]
 ...
 [ 0.919813  0.929117  0.948776 ... -0.828041 -0.828204 -0.826395]
 [-0.826393 -0.825018 -0.829295 ... -0.367391 -0.354554 -0.360041]
 [-1.61137  -1.904045 -1.027113 ... -0.64645  -0.646006 -0.70604 ]]",17,0.6666666666666666,0.7011258,1,88
"[[-0.495153 -0.451345 -0.451346 ...  0.847627  0.858104  0.904602]
 [ 0.906063  0.905133  0.870191 ... -0.497998 -0.495097 -0.487448]
 [-0.503305 -0.499306 -0.501495 ... -0.25329  -0.118794 -0.135721]
 ...
 [-0.327903 -0.585476 -0.851792 ... -0.844054 -0.83735  -0.822038]
 [-0.713504 -0.526907 -0.450347 ... -0.14278  -0.147516 -0.102573]
 [-0.179572 -0.201625 -0.242    ... -0.6609   -0.665595 -0.667068]]",25,0.5098039215686274,0.9620291,2,76
"[[-0.547021 -0.549974 -0.542614 ... -0.490549 -0.476423 -0.487528]
 [-0.497648 -0.498825 -0.491264 ... -0.476372 -0.48122  -0.48107 ]
 [-0.47235  -0.501773 -0.487282 ... -1.827791 -1.837957 -1.843794]
 ...
 [ 1.57605   1.615014  1.651439 ... -0.775954 -0.769071 -0.797251]
 [-0.765546 -0.767321 -0.765708 ... -0.032761  0.044554  0.059286]
 [ 0.068982  0.065748  0.066015 ... -0.193219 -0.27427  -0.430645]]",41,0.19607843137254902,0.82517934,3,15
"[[-0.492635 -0.513056 -0.633234 ...  0.680407  0.758751  0.507844]
 [ 0.161808  0.109027 -0.318914 ... -1.125806 -0.934316 -0.728774]
 [-0.651624 -0.628753 -0.639729 ...  0.177461 -0.185581 -0.165655]
 ...
 [ 0.551397  0.560175  0.425683 ... -0.599775 -0.575953 -0.47242 ]
 [-0.232719 -0.095188  0.004954 ... -1.071597 -0.84255  -0.794434]
 [-0.745802 -0.612147 -0.34804  ... -0.475659 -0.4621   -0.46323 ]]",23,0.5490196078431373,0.9720773,4,149
"[[-0.593007 -0.590538 -0.59537  ... -0.509954 -0.506421 -0.494185]
 [-0.484291 -0.487301 -0.492558 ... -0.579038 -0.57017  -0.569988]
 [-0.587066 -0.575835 -0.564391 ... -1.892836 -1.904021 -1.90987 ]
 ...
 [-0.048545 -0.225149 -0.431888 ... -0.577875 -0.578488 -0.577335]
 [-0.577927 -0.579049 -0.578128 ... -0.022571 -0.02997  -0.025938]
 [-0.028152 -0.049105 -0.036926 ... -0.760029 -0.780768 -0.753245]]",23,0.5490196078431373,0.51570284,5,148
"[[-0.398205 -0.398858 -0.39012  ... -0.338634 -0.343094 -0.359185]
 [-0.377069 -0.392476 -0.383299 ... -0.419861 -0.423854 -0.422103]
 [-0.422403 -0.419966 -0.423835 ... -1.554672 -1.568092 -1.697172]
 ...
 [-1.690504 -1.689067 -1.543713 ... -0.546523 -0.54832  -0.4656  ]
 [-0.551482 -0.561953  0.081174 ...  0.633493  0.505657  0.352602]
 [ 0.236705 -0.155237 -0.58325  ... -0.539069 -0.540546 -0.545007]]",13,0.7450980392156863,0.848161,6,93
"[[-0.694862 -0.684116 -0.681777 ... -0.6342   -0.615408 -0.613858]
 [-0.622986 -0.638284 -0.660466 ... -0.762295 -0.735954 -0.732617]
 [-0.745156 -0.760147 -0.750553 ... -1.963035 -1.953877 -1.96005 ]
 ...
 [-0.823935 -1.057002 -1.237321 ... -0.594308 -0.595936 -0.594165]
 [-0.59262  -0.594072 -0.594758 ...  0.024599 -0.032442 -0.09086 ]
 [-0.140015 -0.203361 -0.265931 ... -0.59343  -0.603776 -0.61373 ]]",23,0.5490196078431373,0.9860934,7,17
"[[-0.71554  -0.694425 -0.706687 ... -0.659289 -0.499056 -0.509768]
 [-0.539814 -0.531386 -0.529988 ... -0.816527 -0.821578 -0.80861 ]
 [-0.827193 -0.821738 -0.828864 ... -2.075845 -2.055102 -2.071836]
 ...
 [-0.2502   -0.539283 -0.867222 ... -0.464488 -0.479386 -0.517383]
 [-0.501942 -0.495471 -0.498381 ... -0.29378  -0.313682 -0.320653]
 [-0.319679 -0.444385 -0.514632 ... -0.452423 -0.471136 -0.495517]]",2,0.9607843137254902,0.6713483,8,75
"[[-0.670576 -0.671489 -0.670918 ... -0.673114 -0.676346 -0.687543]
 [-0.676086 -0.682321 -0.676867 ... -0.716815 -0.72417  -0.718752]
 [-0.726107 -0.733085 -0.732175 ... -2.138575 -2.137642 -2.186034]
 ...
 [ 0.176346  0.188319  0.104278 ... -0.783483 -0.794816 -0.80111 ]
 [-0.688809 -0.674904 -0.6817   ... -0.057001 -0.059739 -0.065075]
 [-0.064426 -0.062378 -0.103148 ... -0.721235 -0.677599 -0.693572]]",15,0.7058823529411765,0.9906408,9,120
"[[-0.479743 -0.480467 -0.479274 ... -2.263471 -2.226075 -2.046681]
 [-1.73661  -1.280432 -0.639354 ... -1.103528 -1.152302 -1.097157]
 [-1.047721 -0.964945 -0.898615 ... -0.447534 -0.083346  0.211016]
 ...
 [ 0.919813  0.929117  0.948776 ... -0.828041 -0.828204 -0.826395]
 [-0.826393 -0.825018 -0.829295 ... -0.367391 -0.354554 -0.360041]
 [-0.73538  -0.714807 -0.61302  ... -0.386636 -0.39331  -0.434918]]",17,0.6666666666666666,0.7322725,10,88
"[[-0.447841 -0.450576 -0.452639 ...  0.905869  0.903544  0.86713 ]
 [ 0.898128  0.857448  0.869447 ... -1.839102 -1.607273 -1.496028]
 [-1.307908 -1.153142 -0.842767 ... -0.16319  -0.477213 -0.478209]
 ...
 [ 0.387518  0.496289  0.369024 ... -0.485007 -0.485886 -0.485015]
 [-0.486038 -0.520464 -0.51026  ... -0.382622 -0.381768 -0.65891 ]
 [-0.702159 -0.68814  -0.780768 ...  0.465599  0.324034  0.084038]]",25,0.5098039215686274,0.7927261,11,49
"[[-0.467505 -0.467339 -0.46324  ... -0.447121 -0.451287 -0.44713 ]
 [-0.447519 -0.44661  -0.443768 ... -0.474628 -0.474716 -0.483837]
 [-0.490069 -0.483782 -0.479208 ... -1.739811 -1.729845 -1.710571]
 ...
 [ 0.647195  0.627279  0.642403 ... -0.327466 -0.336197 -0.334688]
 [-0.331806 -0.330506 -0.358124 ...  0.911102  0.849015  0.850619]
 [ 0.838187  0.792745  0.844    ... -0.213799 -0.214619 -0.214567]]",3,0.9411764705882353,0.76981306,12,167
"[[-0.595016 -0.591839 -0.59097  ... -0.543601  0.193468  0.516805]
 [ 0.724367  0.533883  0.62035  ... -0.945789 -0.921495 -0.876702]
 [-0.857379 -0.800552 -0.775993 ...  0.537385  0.572247  0.605631]
 ...
 [-0.048945 -0.235895 -0.345812 ... -0.576477 -0.558769 -0.541268]
 [-0.54593  -0.5728   -0.606411 ... -0.521098 -0.869849 -1.003715]
 [-0.853878 -0.952531 -0.961741 ... -0.48897  -0.493631 -0.50131 ]]",12,0.7647058823529411,0.5189688,13,145
"[[-0.634732 -0.636645 -0.638669 ... -0.642626 -0.645413 -0.647503]
 [-0.643097 -0.635779 -0.626355 ... -0.632011 -0.645449 -0.65837 ]
 [-0.666618 -0.67436  -0.676108 ... -1.646824 -1.637334 -1.642109]
 ...
 [-0.285573 -0.254745 -0.182949 ... -0.621867 -0.626147 -0.611381]
 [-0.615121 -0.605798 -0.604251 ... -0.165827 -0.069137 -0.045163]
 [ 0.013219  0.04244   0.039858 ... -0.501022 -0.534247 -0.584391]]",40,0.21568627450980393,0.7336541,14,66
"[[-0.603845 -0.603817 -0.603069 ... -0.570539 -0.565594 -0.569847]
 [-0.579637 -0.572754 -0.572779 ... -0.590628 -0.589092 -0.587488]
 [-0.588837 -0.58908  -0.589414 ... -1.68081  -1.689505 -1.68364 ]
 ...
 [-0.496888 -0.965875 -1.257167 ... -0.509132 -0.512293 -0.526681]
 [-0.553286 -0.52903  -0.523453 ...  0.028729  0.065843  0.101498]
 [ 0.077259  0.040048 -0.014756 ... -0.577485 -0.573695 -0.541589]]",26,0.49019607843137253,0.9736093,15,77
"[[-0.607757 -0.602368 -0.601817 ... -2.134266 -2.111784 -2.112037]
 [-2.2244   -2.023194 -1.632557 ... -0.072891 -0.373588 -0.608907]
 [-0.660564 -0.680465 -0.731505 ...  0.307723  0.444818  0.462026]
 ...
 [ 1.256547  1.248844  1.237518 ... -0.7005   -0.695379 -0.698566]
 [-0.685084 -0.690376 -0.68801  ... -0.205505 -0.22164  -0.302736]
 [-0.298327 -0.295209 -0.313591 ... -0.660866 -0.678212 -0.648357]]",23,0.5490196078431373,0.52468,16,96
"[[-0.658084 -0.658166 -0.665839 ... -0.478576 -0.471682 -0.468382]
 [-0.46635  -0.460699 -0.460961 ... -0.584964 -0.59387  -0.600661]
 [-0.468648 -0.463808 -0.468491 ... -1.967322 -1.941062 -1.926026]
 ...
 [ 1.241763  1.192717  1.187984 ... -0.568571 -0.572396 -0.564558]
 [-0.543849 -0.555527 -0.544089 ...  0.399045  0.410757  0.388874]
 [ 0.408441  0.422708  0.41233  ... -0.782615 -0.867336 -0.91198 ]]",37,0.27450980392156865,0.86493003,17,85
"[[-0.664101 -0.6472   -0.596708 ... -2.144997 -2.091165 -1.463803]
 [-0.726796 -0.080946  0.215861 ... -0.596172 -0.566735 -0.537344]
 [-0.504957 -0.500681 -0.499673 ...  0.374473  0.408168  0.378462]
 ...
 [-0.74484  -0.613149 -0.220996 ... -0.657363 -0.651163 -0.65285 ]
 [-0.661556 -0.603014 -0.611992 ... -1.603957 -2.095351 -1.418691]
 [-0.781741 -0.420503 -0.280167 ... -0.760642 -0.798582 -0.77479 ]]",22,0.5686274509803921,0.8894857,18,150
"[[-0.390152 -0.387313 -0.378055 ... -0.352087 -0.349271 -0.350247]
 [-0.353189 -0.357747 -0.353744 ... -0.37787  -0.366425 -0.38185 ]
 [-0.371142 -0.381699 -0.377963 ... -1.758927 -1.739469 -1.716978]
 ...
 [ 1.61658   1.601275  1.653643 ... -0.709985 -0.730362 -0.719413]
 [-0.755581 -0.769434 -0.788079 ... -0.198038 -0.061036  0.08943 ]
 [ 0.191579  0.230416  0.253613 ... -0.815402 -0.78265  -0.792057]]",36,0.29411764705882354,0.5087527,19,139
"[[-0.632576 -0.626609 -0.629606 ... -0.634373 -0.63546  -0.633323]
 [-0.628034 -0.634104 -0.622613 ... -0.638464 -0.655025 -0.661955]
 [-0.670774 -0.676626 -0.669385 ... -1.782619 -1.783475 -1.782119]
 ...
 [-0.082867 -0.093655 -0.089905 ... -0.444947 -0.4475   -0.445594]
 [-0.446153 -0.445319 -0.444859 ...  0.046222  0.069018  0.094917]
 [ 0.12315   0.125084  0.11443  ... -0.342777 -0.450411 -0.399715]]",20,0.6078431372549019,0.93261075,20,84
"[[-0.633772 -0.634963 -0.635252 ...  0.52401   0.454225  0.37552 ]
 [ 0.352339  0.349813  0.343048 ... -1.805413 -1.552452 -1.224029]
 [-0.911398 -0.644151 -0.606127 ...  0.126818  0.203916  0.104565]
 ...
 [ 0.369618  0.350311  0.321194 ... -0.387893 -0.39696  -0.393493]
 [-0.393245 -0.388349 -0.387329 ... -0.38553  -0.327559 -0.33827 ]
 [-0.420613 -0.366123 -0.360959 ... -0.422291 -0.509158 -0.638948]]",26,0.49019607843137253,0.56577206,21,49
"[[-0.392984 -0.39498  -0.400268 ...  0.851652  0.85442   0.855697]
 [ 0.874604  0.937058  0.935317 ... -0.553759 -0.568583 -0.563682]
 [-0.516119 -0.478019 -0.444524 ...  0.017609  0.022589  0.010719]
 ...
 [ 0.655802  0.447033 -0.105266 ... -0.415515 -0.39111  -0.439485]
 [-0.398245 -0.068     0.077586 ... -0.031333 -0.059805 -0.064737]
 [-0.047648 -0.04401  -0.065444 ... -0.495173 -0.48255  -0.489995]]",23,0.5490196078431373,0.9866107,22,158
"[[-0.521346 -0.518394 -0.522321 ... -0.49604  -0.497528 -0.510904]
 [-0.518866 -0.525832 -0.52774  ... -0.514835 -0.507935 -0.521132]
 [-0.517193 -0.517363 -0.51327  ... -1.785954 -1.761668 -1.779807]
 ...
 [ 1.083248  0.88245   0.572796 ... -0.822228 -0.816614 -0.817828]
 [-0.806488 -0.811386 -0.808186 ... -0.508346 -0.145336 -0.389222]
 [-0.214248 -0.335426 -0.453738 ... -0.812447 -0.83233  -0.824099]]",29,0.43137254901960786,0.9415101,23,24
"[[-0.709662 -0.7549   -0.753009 ... -0.788875 -0.728567 -0.695486]
 [-0.664557 -0.668529 -0.65726  ... -0.609032 -0.605665 -0.610751]
 [-0.612697 -0.628658 -0.647464 ... -2.03988  -2.052372 -2.053031]
 ...
 [ 0.349959  0.342418  0.328785 ... -0.649884 -0.648341 -0.631058]
 [-0.64373  -0.639141 -0.645323 ... -0.314241 -0.303695 -0.315787]
 [-0.302985 -0.309637 -0.300953 ... -0.716704 -0.613298 -0.586484]]",17,0.6666666666666666,0.9888426,24,26
"[[-0.530468 -0.537396 -0.548265 ... -0.551468 -0.545812 -0.551596]
 [-0.451268 -0.544389 -0.462704 ... -0.471674 -0.43571  -0.417939]
 [-0.456357 -0.559275 -0.64366  ... -1.756482 -1.728326 -1.775945]
 ...
 [ 0.513744  0.585771  0.604491 ... -0.841418 -0.838978 -0.83098 ]
 [-0.855437 -0.846246 -0.847004 ... -1.111739 -1.11765  -1.045947]
 [-1.023416 -1.014878 -0.92682  ... -0.754359 -0.763488 -0.758222]]",4,0.9215686274509803,0.5233641,25,15
"[[-0.586119 -0.585418 -0.586933 ... -0.593756 -0.608653 -0.606776]
 [-0.591504 -0.590667 -0.5739   ... -0.650202 -0.620617 -0.626313]
 [-0.614817 -0.61417  -0.619233 ... -1.821083 -1.8139   -1.800457]
 ...
 [ 0.158768  0.142293  0.098019 ... -0.469056 -0.47483  -0.471279]
 [-0.529765 -0.481635 -0.481333 ... -0.1635   -0.089211 -0.080382]
 [-0.098213 -0.106359 -0.096206 ... -0.636264 -0.631986 -0.622204]]",7,0.8627450980392157,0.5853683,26,75
"[[-0.406136 -0.413803 -0.415171 ... -0.367886 -0.356528 -0.357195]
 [-0.348279 -0.34521  -0.342575 ... -0.393764 -0.385422 -0.383714]
 [-0.378156 -0.381095 -0.391671 ... -1.711236 -1.709699 -1.716294]
 ...
 [-0.611281 -0.881509 -1.316783 ... -0.546966 -0.530056 -0.561042]
 [-0.567707 -0.535708 -0.406671 ...  0.220948  0.291701  0.328906]
 [ 0.413693  0.433561  0.421644 ... -0.364484 -0.36722  -0.389246]]",23,0.5490196078431373,0.6054546,27,158
"[[-0.561605 -0.561072 -0.565979 ... -0.622054 -0.61837  -0.613347]
 [-0.601027 -0.598383 -0.591533 ... -0.536553 -0.54737  -0.562695]
 [-0.573422 -0.570707 -0.563117 ... -1.648128 -1.625432 -1.611684]
 ...
 [-0.481794 -0.695779 -0.869915 ... -0.478876 -0.484863 -0.541205]
 [-0.480016 -0.49831  -0.476392 ...  0.123769  0.114754  0.105961]
 [ 0.081737  0.02652  -0.042672 ... -0.477385 -0.450918 -0.476702]]",30,0.4117647058823529,0.5851963,28,151
"[[-0.597023 -0.595728 -0.594104 ... -1.756247 -1.670753 -1.679318]
 [-1.732643 -1.798902 -1.783492 ... -0.37626  -0.998517 -0.933852]
 [-0.881136 -0.755199 -0.708389 ...  0.216919  0.424496  0.586781]
 ...
 [ 0.131712 -0.071928 -0.454783 ... -0.678168 -0.679072 -0.79519 ]
 [-0.776041 -0.792013 -0.786177 ... -0.586431 -0.605624 -0.614195]
 [-0.690479 -0.691728 -0.744443 ... -1.016927 -0.819285 -0.718996]]",15,0.7058823529411765,0.5699213,29,52
"[[-0.52874  -0.527656 -0.528282 ... -0.458375 -0.456434 -0.452572]
 [-0.464764 -0.464921 -0.465176 ... -0.474023 -0.46857  -0.466077]
 [-0.464913 -0.469241 -0.49917  ... -1.666738 -1.674311 -1.682817]
 ...
 [-0.823935 -1.057002 -1.237321 ... -0.594308 -0.595936 -0.594165]
 [-0.59262  -0.594072 -0.594758 ...  0.024599 -0.032442 -0.09086 ]
 [-0.140015 -0.203361 -0.265931 ... -0.59343  -0.603776 -0.61373 ]]",26,0.49019607843137253,0.6466902,30,17
"[[-0.608336 -0.607043 -0.607567 ...  0.76255   0.759765  0.667576]
 [ 0.626451  0.768505  0.347059 ... -1.028879 -0.917002 -0.886503]
 [-0.879067 -0.776311 -0.741789 ...  0.155955 -0.396204 -0.368712]
 ...
 [ 0.597703  0.099065 -0.03897  ... -0.64303  -0.659283 -0.645676]
 [-0.642634 -0.645101 -0.645375 ... -0.580351 -0.600925 -1.191825]
 [-1.33635  -1.188373 -1.109134 ... -0.684369 -0.711806 -0.693686]]",29,0.43137254901960786,0.5610797,31,128
"[[-0.530847 -0.532845 -0.533789 ... -1.006406 -0.435457  0.074241]
 [ 0.420893  0.7082    0.617954 ... -0.537359 -0.529071 -0.521946]
 [-0.518926 -0.514547 -0.515057 ... -1.831409 -1.826605 -1.727083]
 ...
 [ 0.875739  0.892715  0.856091 ... -0.835157 -0.845563 -0.810665]
 [-0.830559 -0.831349 -0.825508 ... -0.445143 -0.712801 -0.436602]
 [-0.503086 -0.328944 -0.479159 ... -0.555715 -0.56101  -0.572151]]",25,0.5098039215686274,0.99142504,32,64
"[[-0.70891  -0.709895 -0.70186  ... -2.536483 -1.853069 -1.167496]
 [-0.650858  0.246787  0.774138 ... -0.980216 -0.808788 -0.781588]
 [-0.769802 -0.778271 -0.778131 ...  0.47219   0.461225  0.480367]
 ...
 [-0.021125 -0.017124 -0.023648 ... -0.588994 -0.598387 -0.584244]
 [-0.586342 -0.584451 -0.586863 ... -1.275652 -1.198379 -1.346266]
 [-0.717096 -0.727394 -0.80012  ... -0.26476  -0.263708 -0.267068]]",24,0.5294117647058824,0.57768416,33,88
"[[-0.47761  -0.473061 -0.476886 ... -1.287503 -0.81941  -0.210739]
 [ 0.320882  0.637713  0.796368 ... -2.27029  -2.172181 -1.859539]
 [-1.60786  -1.31884  -1.040107 ... -1.114676 -0.683536 -0.165493]
 ...
 [ 0.223879  0.241851  0.267089 ... -0.716262 -0.731917 -0.720829]
 [-0.772001 -0.712906 -0.721384 ... -1.309122 -1.338362 -0.990352]
 [-0.583922 -0.266459 -0.108421 ...  0.0717   -0.186617 -0.353515]]",5,0.9019607843137255,0.5698405,34,13
"[[-0.331284 -0.512579 -0.519235 ... -1.554291 -1.342021 -1.087431]
 [-0.787404 -0.438176 -0.054473 ... -0.971653 -0.990755 -0.946019]
 [-0.854377 -0.724432 -0.588322 ... -1.623644 -1.489569 -1.385496]
 ...
 [ 0.790704  0.804073  0.806263 ... -0.709337 -0.706666 -0.691668]
 [-0.734534 -0.73548  -0.730724 ... -0.054834 -0.109938 -0.153064]
 [-0.10462  -0.236968 -0.31827  ... -0.815443 -0.727846 -0.669598]]",23,0.5490196078431373,0.5635417,35,63
"[[-0.572351 -0.584002 -0.57567  ...  0.26269  -0.163306 -0.306461]
 [-1.059192 -1.592835 -1.911895 ... -0.632304 -0.629936 -0.632118]
 [-0.673704 -0.640171 -0.641542 ...  0.238747  0.041163  0.03768 ]
 ...
 [ 0.472128  0.413086  0.259791 ... -0.86575  -0.832127 -0.859041]
 [-0.854085 -0.800246 -0.7818   ... -0.790923 -0.64172  -0.412013]
 [-0.355611 -0.268341 -0.24346  ... -0.628414 -0.635599 -0.63741 ]]",22,0.5686274509803921,0.91329956,36,150
"[[-0.480803 -0.479998 -0.472593 ... -0.452757 -0.45061  -0.426926]
 [-0.424182 -0.414155 -0.41364  ... -0.417512 -0.421122 -0.427441]
 [-0.448895 -0.444653 -0.44749  ... -1.789498 -1.801611 -1.798755]
 ...
 [ 0.957299  0.97944   0.975727 ... -0.527793 -0.529147 -0.515336]
 [-0.524232 -0.526625 -0.504625 ... -0.618832 -0.584956 -0.545297]
 [-0.478102 -0.432758 -0.395442 ... -0.347588 -0.373995 -0.532732]]",29,0.43137254901960786,0.6632965,37,16
"[[-0.608659 -0.626948 -0.639425 ...  0.822411  0.745072  0.820965]
 [ 0.86017   0.067058 -0.254624 ... -0.542646 -0.717092 -0.804952]
 [-0.855744 -0.846106 -0.800266 ... -1.252847 -1.314144 -1.634181]
 ...
 [-0.325706 -0.269853 -0.192616 ... -0.789919 -0.790997 -0.795083]
 [-0.782178 -0.777248 -0.773501 ... -0.312646 -0.216455 -1.637542]
 [-1.725208 -1.502498 -1.069    ... -0.767009 -0.74864  -0.70357 ]]",25,0.5098039215686274,0.5331198,38,162
"[[-0.671995 -0.673854 -0.67491  ... -0.876717 -0.590532 -0.262786]
 [ 0.026224  0.196461  0.473611 ... -0.813586 -0.884511 -0.859354]
 [-0.798474 -0.729941 -0.652664 ... -0.997464 -0.902972 -0.85075 ]
 ...
 [ 0.813596  0.570336  0.636947 ... -0.703791 -0.682223 -0.682408]
 [-0.679385 -0.680265 -0.679737 ... -0.430382 -0.353972 -0.349524]
 [-0.182288 -0.129826 -0.133537 ... -0.681038 -0.554691 -0.566197]]",23,0.5490196078431373,0.76426786,39,63
"[[-0.462847 -0.456163 -0.440743 ... -2.42338  -2.413745 -2.432945]
 [-2.389081 -2.390534 -2.365941 ...  0.435192  0.340039 -0.699558]
 [-0.745097 -0.702538 -0.660764 ... -1.609159 -1.243112 -0.570403]
 ...
 [ 0.108135  0.108779  0.146286 ... -0.735298 -0.73919  -0.749904]
 [-0.736562 -0.732599 -0.726608 ...  1.488476  1.439419  1.372884]
 [ 1.301743  1.181023  1.079136 ... -0.725621 -0.456342 -0.420846]]",24,0.5294117647058824,0.5797311,40,13
"[[-0.424948 -0.416368 -0.41506  ... -0.395466 -0.391237 -0.369144]
 [-0.348116 -0.343094 -0.339871 ... -0.409213 -0.413662 -0.445546]
 [-0.432795 -0.434477 -0.453773 ... -1.809274 -1.811004 -1.804094]
 ...
 [ 0.898728  0.882435  0.833137 ... -0.70004  -0.695358 -0.702975]
 [-0.702317 -0.708263 -0.705978 ... -0.400793 -0.326788 -0.216886]
 [-0.156361 -0.116687 -0.091832 ... -0.772836 -0.752256 -0.779906]]",44,0.13725490196078433,0.99698716,41,159
"[[-0.602327 -0.602096 -0.603996 ... -0.598637 -0.599156 -0.598135]
 [-0.595564 -0.594198 -0.592097 ... -0.608097 -0.608024 -0.606165]
 [-0.605457 -0.605585 -0.603979 ... -1.68336  -1.675462 -1.662768]
 ...
 [-0.823935 -1.057002 -1.237321 ... -0.594308 -0.595936 -0.594165]
 [-0.59262  -0.594072 -0.594758 ...  0.024599 -0.032442 -0.09086 ]
 [-0.140015 -0.203361 -0.265931 ... -0.59343  -0.603776 -0.61373 ]]",23,0.5490196078431373,0.99990964,42,17
"[[-0.539085 -0.54722  -0.554676 ... -1.741398 -1.747033 -1.682752]
 [-1.464916 -1.142678 -0.744999 ... -0.274031 -0.481857 -0.637423]
 [-0.662351 -0.614899 -0.573943 ... -0.301419 -0.123405 -0.0301  ]
 ...
 [ 0.68136  -0.810837 -0.383272 ... -0.802639 -0.797417 -0.803139]
 [-0.804468 -0.80035  -0.80766  ... -0.422217 -0.238175 -0.119117]
 [-0.191577 -0.110043 -0.080662 ... -0.777001 -0.796001 -0.772249]]",11,0.7843137254901961,0.7025782,43,56
"[[-0.575551 -0.575856 -0.575812 ... -0.458814 -0.458442 -0.457232]
 [-0.463711 -0.470871 -0.468589 ... -0.582509 -0.582052 -0.579687]
 [-0.580706 -0.576348 -0.575888 ... -2.182561 -2.19501  -2.221691]
 ...
 [ 0.546919  0.416605  0.258479 ... -0.770069 -0.781782 -0.790455]
 [-0.791437 -0.767873 -0.783664 ... -0.137511 -0.12639  -0.10804 ]
 [ 0.478845  0.655283  0.720114 ... -0.753062 -0.80418  -0.783928]]",42,0.17647058823529413,0.98413795,44,126
"[[-0.512764 -0.510905 -0.509686 ... -0.431332 -0.42955  -0.430798]
 [-0.4336   -0.437448 -0.450053 ... -0.486872 -0.492169 -0.498071]
 [-0.498116 -0.493722 -0.489813 ... -1.828583 -1.814806 -1.786189]
 ...
 [ 0.009154 -0.106663 -0.3125   ... -0.081908 -0.08049  -0.075512]
 [-0.298596 -0.27548  -0.273055 ...  0.893921  0.871412  0.833051]
 [ 0.830998  0.843664  0.837455 ... -0.303472 -0.318603 -0.374559]]",23,0.5490196078431373,0.9890975,45,54
"[[-0.615284 -0.614977 -0.614024 ... -1.916463 -1.934244 -1.970393]
 [-2.048219 -2.081066 -1.899436 ... -0.578793 -0.597405 -0.60267 ]
 [-0.594979 -0.596816 -0.596187 ... -0.152168  0.264176  0.517177]
 ...
 [ 1.256547  1.248844  1.237518 ... -0.7005   -0.695379 -0.698566]
 [-0.685084 -0.690376 -0.68801  ... -0.205505 -0.22164  -0.302736]
 [-0.298327 -0.295209 -0.313591 ... -0.660866 -0.678212 -0.648357]]",22,0.5686274509803921,0.5490779,46,96
"[[-1.032508 -1.030809 -1.033772 ...  1.07072   0.483566  0.469448]
 [ 0.4709    0.482746  0.495941 ... -1.328544 -1.113586 -1.004685]
 [-0.905109 -0.867008 -0.850669 ...  0.389962  0.479277  0.13674 ]
 ...
 [ 0.457193  0.566609  0.701481 ... -0.681415 -0.680412 -0.677196]
 [-0.672274 -0.696274 -0.528693 ... -1.123104 -0.645955 -0.77753 ]
 [-0.864807 -0.889267 -0.789261 ... -0.604446 -0.67014  -0.670711]]",23,0.5490196078431373,0.8874092,47,150
"[[-0.528253 -0.526876 -0.528945 ... -0.447919 -0.439702 -0.457805]
 [-0.449902 -0.451389 -0.44726  ... -0.4086   -0.415177 -0.419991]
 [-0.42212  -0.424577 -0.429869 ... -1.772855 -1.737418 -1.709377]
 ...
 [-0.285573 -0.254745 -0.182949 ... -0.621867 -0.626147 -0.611381]
 [-0.615121 -0.605798 -0.604251 ... -0.165827 -0.069137 -0.045163]
 [ 0.167972  0.196229  0.202663 ... -0.496587 -0.496767 -0.578742]]",5,0.9019607843137255,0.6701792,48,66
"[[-0.58534  -0.588127 -0.592943 ... -0.475906 -0.433572 -0.420912]
 [-0.398782 -0.397961 -0.399022 ... -0.497505 -0.489382 -0.495686]
 [-0.493498 -0.490902 -0.495361 ... -2.020069 -2.0164   -1.992416]
 ...
 [ 0.546919  0.416605  0.258479 ... -0.770069 -0.781782 -0.790455]
 [-0.791437 -0.767873 -0.783664 ... -0.137511 -0.12639  -0.10804 ]
 [-0.142938 -0.092874 -0.090266 ... -0.734858 -0.734219 -0.731754]]",4,0.9215686274509803,0.9496371,49,126
"[[-0.494943 -0.493067 -0.488452 ... -0.416891 -0.420188 -0.418352]
 [-0.422371 -0.421698 -0.422436 ... -0.477826 -0.482063 -0.488637]
 [-0.490363 -0.490698 -0.474966 ... -1.683968 -1.683854 -1.684214]
 ...
 [-0.498637 -0.717386 -0.9317   ... -0.474457 -0.462197 -0.454797]
 [-0.479745 -0.497031 -0.475325 ...  0.217123  0.193109  0.155794]
 [ 0.100449  0.041889 -0.07185  ... -0.402328 -0.404591 -0.426052]]",12,0.7647058823529411,0.99257976,50,151
"[[-0.607088 -0.609306 -0.607603 ... -0.588518 -0.579427 -0.567509]
 [-0.567532 -0.570889 -0.572916 ... -0.613288 -0.611945 -0.614437]
 [-0.616196 -0.612255 -0.613403 ... -1.629487 -1.620437 -1.634259]
 ...
 [-0.823935 -1.057002 -1.237321 ... -0.594308 -0.595936 -0.594165]
 [-0.59262  -0.594072 -0.594758 ...  0.024599 -0.032442 -0.09086 ]
 [-0.140015 -0.203361 -0.265931 ... -0.59343  -0.603776 -0.61373 ]]",23,0.5490196078431373,0.99854064,51,17
"[[-0.456211 -0.456065 -0.458382 ... -0.435344 -0.441046 -0.450051]
 [-0.446733 -0.449198 -0.449475 ... -0.476748 -0.483283 -0.4777  ]
 [-0.477632 -0.478996 -0.478316 ... -1.457407 -1.443026 -1.444433]
 ...
 [ 0.697922  0.406549  0.03099  ... -0.264659 -0.323998 -0.312419]
 [-0.317765 -0.291771 -0.300029 ...  0.395144  0.3755    0.33468 ]
 [ 0.363652  0.322252  0.363495 ... -0.238089 -0.254101 -0.257654]]",12,0.7647058823529411,0.8021204,52,151
"[[-0.286618 -0.295436 -0.295578 ... -0.293884 -0.305537 -0.304089]
 [-0.314084 -0.30126  -0.300028 ... -0.335698 -0.331732 -0.331971]
 [-0.342014 -0.330879 -0.340209 ... -1.707411 -1.705379 -1.717883]
 ...
 [ 0.361509  0.116831  0.08727  ... -0.428665 -0.428654 -0.427627]
 [-0.426769 -0.426415 -0.425873 ...  0.326662  0.379823  0.415325]
 [ 0.411472  0.43111   0.414983 ... -0.404475 -0.444182 -0.455116]]",1,0.9803921568627451,0.5028337,53,66
"[[-0.580464 -0.585824 -0.585814 ... -0.539844 -0.537137 -0.538916]
 [-0.547325 -0.552152 -0.554201 ... -0.615451 -0.613363 -0.617259]
 [-0.623351 -0.619073 -0.621574 ... -1.663109 -1.638152 -1.613116]
 ...
 [ 0.546919  0.416605  0.258479 ... -0.770069 -0.781782 -0.790455]
 [-0.791437 -0.767873 -0.783664 ... -0.137511 -0.12639  -0.10804 ]
 [-0.142938 -0.092874 -0.090266 ... -0.734858 -0.734219 -0.731754]]",29,0.43137254901960786,0.5173422,54,126
"[[-0.681817 -0.668827 -0.677043 ... -0.695629 -0.673283 -0.682838]
 [-0.475659 -0.471067 -0.459244 ... -0.432211 -0.431891 -0.431883]
 [-0.43406  -0.437415 -0.436082 ... -1.669889 -1.602813 -1.613932]
 ...
 [ 0.1921    0.101628  0.007999 ... -0.640778 -0.58653  -0.612369]
 [-0.601509 -0.628047 -0.602506 ... -0.213369 -0.208595 -0.235252]
 [-0.224128 -0.202707 -0.230261 ... -0.33611  -0.364627 -0.359172]]",10,0.803921568627451,0.65001625,55,118
"[[-0.774205 -0.774752 -0.737553 ... -0.798389 -0.782844 -0.778955]
 [-0.781865 -0.780843 -0.78799  ... -0.837854 -0.835336 -0.836787]
 [-0.813165 -0.767197 -0.758545 ... -1.920583 -2.060963 -2.079682]
 ...
 [ 0.334465 -0.132804 -0.680059 ... -0.603807 -0.614045 -0.501491]
 [-0.507147 -0.506378 -0.606597 ...  0.442564  0.427717  0.38491 ]
 [ 0.354995  0.245139  0.108995 ... -0.310641 -0.335746 -0.341515]]",24,0.5294117647058824,0.60975295,56,158
"[[-0.570833 -0.562241 -0.555319 ... -0.461895 -0.46415  -0.477256]
 [-0.489526 -0.512496 -0.514495 ... -0.48978  -0.488449 -0.49084 ]
 [-0.492994 -0.484011 -0.484516 ... -2.102449 -2.092669 -2.094592]
 ...
 [ 0.327869 -0.134231 -0.862445 ... -0.792199 -0.7821   -0.773212]
 [-0.769889 -0.77308  -0.766585 ...  0.584913  0.545312  0.45529 ]
 [ 0.42413   0.363829  0.213686 ... -0.434266 -0.418212 -0.413151]]",24,0.5294117647058824,0.6577739,57,158
"[[-0.661799 -0.654303 -0.662244 ... -2.909795 -2.779976 -2.416309]
 [-1.88742  -1.182053 -0.300904 ... -0.819879 -0.814668 -0.788704]
 [-0.793292 -0.792753 -0.790175 ...  0.296785  0.328446  0.284483]
 ...
 [ 0.093087  0.090031  0.075817 ... -0.40575  -0.451274 -0.530878]
 [-0.520675 -0.528269 -0.525351 ... -0.306594 -1.056591 -0.991237]
 [-1.1119   -1.092194 -0.869093 ... -0.495306 -0.432761 -0.415928]]",24,0.5294117647058824,0.66504264,58,88
"[[-0.389797 -0.383441 -0.376663 ... -0.350631 -0.360104 -0.35383 ]
 [-0.367701 -0.361212 -0.353709 ... -0.34231  -0.341211 -0.329329]
 [-0.383388 -0.372347 -0.335331 ... -1.753935 -1.724782 -1.716517]
 ...
 [ 0.885021  0.890245  0.895109 ... -0.786348 -0.7871   -0.78929 ]
 [-0.789102 -0.789079 -0.784167 ... -0.68276  -0.643766 -0.58589 ]
 [-0.531627 -0.48288  -0.447406 ... -0.7643   -0.798879 -0.773103]]",26,0.49019607843137253,0.867575,59,16
"[[-0.600707 -0.705975 -0.925851 ...  0.473713  0.66077   0.724643]
 [ 0.454012  0.567282  0.851971 ... -0.676337 -0.713278 -0.696907]
 [-0.661652 -0.627896 -0.616978 ...  0.905845  0.903471  0.854603]
 ...
 [-0.128258 -0.072263 -0.077313 ... -0.461756 -0.422892 -0.234514]
 [-0.052203  0.193356  0.447483 ... -0.816953 -0.587893 -0.592494]
 [-0.591797 -0.698335 -0.294599 ... -0.608392 -0.607661 -0.600187]]",23,0.5490196078431373,0.61063695,60,134
"[[-0.784407 -0.789415 -0.789253 ...  0.376651  0.880057  1.300629]
 [-0.494428 -0.519767 -0.514963 ... -0.557784 -0.558237 -0.558097]
 [-0.558365 -0.558841 -0.56217  ... -1.720961 -1.720788 -1.757104]
 ...
 [ 1.457488  1.372864  1.131984 ... -0.762817 -0.75946  -0.760959]
 [-0.778749 -0.763781 -0.760028 ... -0.381728 -0.362907 -0.350447]
 [-0.344498 -0.33457  -0.340657 ... -0.693439 -0.683675 -0.686111]]",28,0.45098039215686275,0.86039567,61,127
"[[-0.529298 -0.531324 -0.530797 ... -0.446903 -0.445989 -0.443178]
 [-0.447237 -0.453448 -0.451158 ... -0.480583 -0.479383 -0.485342]
 [-0.483257 -0.482957 -0.485334 ... -1.766766 -1.742485 -1.717813]
 ...
 [ 0.546919  0.416605  0.258479 ... -0.770069 -0.781782 -0.790455]
 [-0.791437 -0.767873 -0.783664 ... -0.137511 -0.12639  -0.10804 ]
 [-0.091348 -0.048175 -0.057382 ... -0.661246 -0.672406 -0.590861]]",42,0.17647058823529413,0.76254785,62,126
"[[-0.766513 -0.771023 -0.771437 ...  0.97856   1.005797  1.02097 ]
 [ 1.035215  0.78473   1.020628 ... -0.696822 -0.6966   -0.646891]
 [-0.64673  -0.638556 -0.623113 ... -0.741939 -0.483343 -0.362749]
 ...
 [ 0.915582  0.738582  0.413338 ... -0.301777 -0.322915 -0.304767]
 [-0.349339 -0.312316 -0.334851 ... -0.175503 -0.177895 -0.174138]
 [-0.173374 -0.18357  -0.227575 ... -0.310677 -0.322339 -0.327271]]",19,0.6274509803921569,0.63963336,63,154
"[[-0.625091 -0.624692 -0.623014 ... -0.609163 -0.60384  -0.607055]
 [-0.603715 -0.599466 -0.598194 ... -0.60667  -0.608189 -0.608767]
 [-0.608824 -0.609416 -0.610148 ... -1.622134 -1.606017 -1.610495]
 ...
 [ 0.131712 -0.071928 -0.454783 ... -0.678168 -0.679072 -0.79519 ]
 [-0.776041 -0.792013 -0.786177 ... -0.586431 -0.605624 -0.614195]
 [-0.645362 -0.639489 -0.64653  ... -0.787398 -0.788938 -0.78803 ]]",18,0.6470588235294118,0.61862993,64,52
"[[-0.578835 -0.579006 -0.580982 ... -0.53318  -0.475272 -0.436504]
 [-0.425281 -0.407842 -0.389068 ... -0.500722 -0.518564 -0.522837]
 [-0.526977 -0.512962 -0.504159 ... -1.781144 -1.773893 -1.774467]
 ...
 [-0.285573 -0.254745 -0.182949 ... -0.621867 -0.626147 -0.611381]
 [-0.615121 -0.605798 -0.604251 ... -0.165827 -0.069137 -0.045163]
 [ 0.013219  0.04244   0.039858 ... -0.501022 -0.534247 -0.584391]]",39,0.23529411764705882,0.8069717,65,66
"[[-0.497629 -0.479036 -0.475839 ... -0.481197 -0.4799   -0.481622]
 [-0.475527 -0.44679  -0.437247 ... -0.480034 -0.477756 -0.484911]
 [-0.486807 -0.491519 -0.488869 ... -2.021514 -2.033099 -2.045671]
 ...
 [ 0.633521  0.624855  0.559663 ...  0.125132  0.126925  0.12268 ]
 [ 0.155895  0.111427  0.13875  ... -0.111328 -0.146381 -0.122087]
 [-0.118805 -0.105312 -0.134508 ... -0.611792 -0.621042 -0.675089]]",29,0.43137254901960786,0.7359407,66,159
"[[-0.431311 -0.402884 -0.418811 ... -0.540053 -0.543743 -0.535602]
 [-0.525115 -0.528079 -0.530766 ... -0.594175 -0.376567 -0.369378]
 [-0.375467 -0.369685 -0.574368 ... -1.526314 -1.546898 -1.577712]
 ...
 [ 0.584318  0.492714  0.241408 ... -0.745607 -0.730159 -0.741145]
 [-0.740319 -0.748271 -0.805954 ... -0.400492 -0.317256 -0.282599]
 [-0.268668 -0.270725 -0.260221 ... -0.74645  -0.730411 -0.746374]]",12,0.7647058823529411,0.99694794,67,105
"[[-0.529492 -0.531093 -0.656985 ...  0.770255  0.467407  0.81836 ]
 [ 0.638235  0.642212  0.875681 ... -0.603283 -0.591629 -0.62198 ]
 [-0.615421 -0.617251 -0.612711 ...  0.673694  0.34682   0.188569]
 ...
 [ 0.058437 -0.084347 -0.33304  ... -0.535034 -0.533293 -0.635804]
 [-0.616814 -0.63439  -0.463684 ... -0.863126 -0.940966 -0.824165]
 [-1.08911  -0.953458 -0.878615 ... -0.411834 -0.410764 -0.410899]]",23,0.5490196078431373,0.5034431,68,134
"[[-0.648066 -0.652019 -0.65159  ... -0.878006 -0.856554 -0.802616]
 [-0.811666 -0.797098 -0.802253 ... -0.650386 -0.674847 -0.678615]
 [-0.675041 -0.679193 -0.67835  ... -2.050319 -2.059644 -2.03408 ]
 ...
 [ 0.176346  0.188319  0.104278 ... -0.783483 -0.794816 -0.80111 ]
 [-0.448427 -0.444367 -0.435473 ...  0.24345   0.23978   0.262919]
 [ 0.260654  0.263416  0.25964  ... -0.785282 -0.799414 -0.808772]]",16,0.6862745098039216,0.52224183,69,120
"[[-0.575981 -0.579048 -0.580506 ...  0.290077  0.481494  0.763335]
 [ 0.757797  0.757407  0.784414 ... -1.192635 -1.127244 -1.0453  ]
 [-0.958144 -0.86938  -0.787783 ... -1.298573 -1.156578 -0.965658]
 ...
 [ 0.743651  0.760469  0.791209 ... -0.541975 -0.541432 -0.542653]
 [-0.543186 -0.541045 -0.542018 ... -0.378253 -0.356029 -0.448008]
 [-0.474414 -0.482586 -0.485687 ... -0.252986 -0.308708 -0.296309]]",38,0.2549019607843137,0.5751036,70,24
"[[-0.464688 -0.4639   -0.462922 ... -0.795947 -0.257633  0.263016]
 [ 0.576131  0.691977  0.586365 ... -2.217722 -1.987751 -1.776706]
 [-1.529831 -1.316008 -1.113431 ...  0.27266   0.484359  0.655367]
 ...
 [ 1.256547  1.248844  1.237518 ... -0.7005   -0.695379 -0.698566]
 [-0.685084 -0.690376 -0.68801  ... -0.205505 -0.22164  -0.302736]
 [-0.298327 -0.295209 -0.313591 ... -0.660866 -0.678212 -0.648357]]",22,0.5686274509803921,0.8863767,71,96
"[[-0.515382 -0.518547 -0.517353 ... -0.516455 -0.515032 -0.507692]
 [-0.499454 -0.496674 -0.495182 ... -0.542817 -0.542054 -0.541422]
 [-0.540478 -0.537965 -0.534109 ... -1.975538 -1.988167 -1.98792 ]
 ...
 [ 1.424486  1.413815  1.331523 ... -0.588561 -0.65172  -0.655108]
 [-0.645031 -0.649378 -0.647603 ...  0.274101  0.201825  0.352022]
 [ 0.390185  0.383765  0.395719 ... -0.473755 -0.479143 -0.44298 ]]",23,0.5490196078431373,0.92166686,72,90
"[[-0.54737  -0.546334 -0.549748 ... -0.487637 -0.492315 -0.483577]
 [-0.48466  -0.481376 -0.495632 ... -0.520373 -0.530154 -0.528187]
 [-0.533726 -0.528338 -0.518618 ... -1.565751 -1.569814 -1.515698]
 ...
 [-0.008783 -0.083102 -0.216694 ... -0.412983 -0.406744 -0.421948]
 [-0.415508 -0.401656 -0.530955 ...  0.535039  0.676421  0.769145]
 [ 0.792691  0.795014  0.779115 ... -0.41086  -0.435974 -0.422793]]",37,0.27450980392156865,0.5906983,73,1
"[[-0.567432 -0.565298 -0.566535 ... -1.979257 -2.024921 -1.637048]
 [-1.177205 -0.743899 -0.12872  ... -0.59078  -0.573604 -0.578766]
 [-0.569942 -0.578309 -0.575467 ...  0.365853  0.417131  0.318584]
 ...
 [ 1.256547  1.248844  1.237518 ... -0.7005   -0.695379 -0.698566]
 [-0.685084 -0.690376 -0.68801  ... -0.205505 -0.22164  -0.302736]
 [-0.298327 -0.295209 -0.313591 ... -0.660866 -0.678212 -0.648357]]",23,0.5490196078431373,0.8559027,74,96
"[[-0.565419 -0.541733 -0.550733 ...  0.516085  0.582921  1.073383]
 [ 1.032168  0.993852  0.995138 ... -2.510254 -2.516217 -2.481385]
 [-2.476496 -2.473186 -2.493443 ...  1.046513  1.348234  1.130782]
 ...
 [ 0.511662  0.487099  0.389921 ... -0.760278 -0.752414 -0.752418]
 [-0.754755 -0.738045 -0.746517 ... -0.145774 -0.348822 -0.159218]
 [-0.149123 -0.169698 -0.317408 ...  1.012078  0.843816  0.64479 ]]",22,0.5686274509803921,0.5194166,75,10
"[[-0.52983  -0.546378 -0.54934  ... -0.436392 -0.442299 -0.443748]
 [-0.452246 -0.454645 -0.45844  ... -0.487067 -0.482686 -0.482527]
 [-0.488339 -0.489208 -0.488387 ... -1.978805 -1.961391 -1.953478]
 ...
 [-1.96346  -1.549195 -1.496265 ... -0.662812 -0.612491 -0.650521]
 [-0.644826 -0.558019 -0.354117 ... -0.218727 -0.308965 -0.282479]
 [-0.488887 -0.522712 -0.565703 ... -0.620671 -0.603262 -0.605477]]",26,0.49019607843137253,0.81937355,76,93
"[[-0.488369 -0.490755 -0.492227 ... -1.926705 -1.702842 -1.315813]
 [-0.911244 -0.364608  0.192176 ... -0.559976 -0.57086  -0.588978]
 [-0.60337  -0.574488 -0.460501 ...  0.551521  0.648429  0.72778 ]
 ...
 [ 1.256547  1.248844  1.237518 ... -0.7005   -0.695379 -0.698566]
 [-0.685084 -0.690376 -0.68801  ... -0.205505 -0.22164  -0.302736]
 [-0.298327 -0.295209 -0.313591 ... -0.660866 -0.678212 -0.648357]]",23,0.5490196078431373,0.68811667,77,96
"[[-0.508727 -0.505232 -0.516478 ... -1.877442 -1.634888 -1.300606]
 [-0.864401 -0.428636  0.030888 ... -0.779667 -0.705133 -0.660316]
 [-0.583476 -0.561067 -0.559668 ... -0.146816 -0.0824   -0.01045 ]
 ...
 [ 1.256547  1.248844  1.237518 ... -0.7005   -0.695379 -0.698566]
 [-0.685084 -0.690376 -0.68801  ... -0.205505 -0.22164  -0.302736]
 [-0.298327 -0.295209 -0.313591 ... -0.660866 -0.678212 -0.648357]]",22,0.5686274509803921,0.7614302,78,96
"[[-0.533133 -0.532075 -0.532097 ... -0.57185  -0.555037 -0.545603]
 [-0.528879 -0.509463 -0.506437 ... -0.589453 -0.580619 -0.590992]
 [-0.610663 -0.632728 -0.630952 ... -1.723828 -1.70177  -1.686117]
 ...
 [ 0.546919  0.416605  0.258479 ... -0.770069 -0.781782 -0.790455]
 [-0.791437 -0.767873 -0.783664 ... -0.137511 -0.12639  -0.10804 ]
 [-0.142938 -0.092874 -0.090266 ... -0.734858 -0.734219 -0.731754]]",6,0.8823529411764706,0.5528523,79,126
"[[-0.908712 -0.895207 -0.852751 ... -0.827334 -0.785199 -0.76458 ]
 [-0.694185 -0.67645  -0.667461 ... -0.868791 -0.912463 -0.924862]
 [-0.921974 -0.910343 -0.898346 ... -1.945344 -1.863955 -1.87705 ]
 ...
 [ 0.546919  0.416605  0.258479 ... -0.770069 -0.781782 -0.790455]
 [-0.791437 -0.767873 -0.783664 ... -0.137511 -0.12639  -0.10804 ]
 [ 0.111072  0.118435  0.117827 ... -0.738618 -0.71566  -0.720679]]",42,0.17647058823529413,0.8446522,80,126
"[[-0.472006 -0.479904 -0.47261  ... -1.549267 -1.1049   -0.645973]
 [-0.049089  0.538691  1.24133  ... -1.744304 -1.429143 -1.182695]
 [-0.871914 -0.621474 -0.618506 ...  0.059322  0.04512   0.03891 ]
 ...
 [-0.430708 -0.423069 -0.426055 ... -0.745968 -0.738487 -0.733231]
 [-0.744724 -0.735891 -0.731941 ... -1.101155 -1.285277 -1.3619  ]
 [-1.863485 -0.280947 -0.439972 ... -0.567644 -0.779058 -0.713309]]",13,0.7450980392156863,0.6530843,81,63
"[[-0.615446 -0.611318 -0.638951 ...  0.753377  0.771316  0.764773]
 [ 0.765804  0.798339  0.50267  ... -1.286385 -0.989745 -0.790953]
 [-0.814658 -0.824749 -0.775234 ... -0.663706 -0.658589 -0.64133 ]
 ...
 [ 0.377994  0.165307  0.037696 ... -0.717464 -0.711421 -0.702882]
 [-0.707525 -0.703318 -0.756063 ... -0.478509 -0.591507 -0.856617]
 [-0.846238 -0.868959 -0.814064 ... -0.872135 -0.884955 -0.91456 ]]",23,0.5490196078431373,0.53626007,82,49
"[[-0.612251 -0.622205 -0.648773 ...  0.417651  0.483277  0.482523]
 [ 0.565049  0.575447  0.576452 ... -0.626771 -0.612233 -0.589943]
 [-0.583678 -0.614103 -0.61615  ... -0.428632 -0.406586 -0.383996]
 ...
 [-0.30972   0.858673 -0.225591 ... -0.34877  -0.344782 -0.343875]
 [-0.356303 -0.364673 -0.368947 ... -0.456032  0.124808  0.122144]
 [-0.411198 -0.411209 -0.408279 ... -0.778716 -0.774104 -0.766639]]",25,0.5098039215686274,0.93810606,83,64
"[[-0.550749 -0.545229 -0.545198 ... -0.425774 -0.436123 -0.445099]
 [-0.458879 -0.470262 -0.480109 ... -0.54251  -0.537598 -0.541129]
 [-0.535238 -0.542494 -0.538897 ... -1.587731 -1.588473 -1.590346]
 ...
 [-1.25564  -1.52377  -1.786101 ... -0.572304 -0.572461 -0.569586]
 [-0.571398 -0.573981 -0.557714 ...  0.776625  0.753498  0.656875]
 [ 0.619497  0.55129   0.459884 ... -0.395465 -0.399606 -0.396524]]",12,0.7647058823529411,0.740699,84,32
"[[-0.754769 -0.765633 -0.756546 ...  0.359608  0.859014  1.108702]
 [ 1.220132  1.131102  1.093538 ... -0.831813 -0.858836 -0.879797]
 [-0.855725 -0.74141  -0.723442 ... -2.043701 -1.953484 -1.667607]
 ...
 [ 0.862472  0.867028  0.897549 ... -0.592683 -0.429768 -0.58346 ]
 [-0.41658  -0.608234 -0.490757 ... -0.196909 -0.112413 -0.038355]
 [ 0.01049   0.030954  0.040859 ... -0.526656 -0.533137 -0.535978]]",19,0.6274509803921569,0.53972816,85,142
"[[-0.475736 -0.470954 -0.466283 ... -0.40413  -0.405771 -0.390182]
 [-0.383443 -0.38543  -0.399569 ... -0.449263 -0.451448 -0.452767]
 [-0.455517 -0.456653 -0.457155 ... -1.944872 -1.949551 -1.948832]
 ...
 [-0.823935 -1.057002 -1.237321 ... -0.594308 -0.595936 -0.594165]
 [-0.59262  -0.594072 -0.594758 ...  0.024599 -0.032442 -0.09086 ]
 [-0.140015 -0.203361 -0.265931 ... -0.59343  -0.603776 -0.61373 ]]",23,0.5490196078431373,0.920228,86,17
"[[-0.501347 -0.491297 -0.492344 ...  0.448198  0.687208  0.728174]
 [ 0.776959  0.762023  0.759125 ... -0.499508 -0.500969 -0.502721]
 [-0.503324 -0.502629 -0.495853 ... -1.702836 -1.549725 -1.184212]
 ...
 [ 0.162249 -0.315006 -0.803411 ... -0.765946 -0.767533 -0.765745]
 [-0.764311 -0.765067 -0.765616 ... -0.0103   -0.016484  0.018828]
 [ 0.047394  0.07926  -0.13362  ... -0.727181 -0.745757 -0.741772]]",25,0.5098039215686274,0.68808484,87,140
"[[-0.47881  -0.485236 -0.484579 ...  0.065063  0.405773  0.688976]
 [ 0.755598  0.828249  0.810716 ... -0.538798 -0.534215 -0.529936]
 [-0.537294 -0.531914 -0.533973 ... -1.509949 -1.084891 -0.82548 ]
 ...
 [ 0.741269  0.664365  0.853715 ... -0.697994 -0.699923 -0.700462]
 [-0.737228 -0.756857 -0.726605 ... -0.219759 -0.04216  -0.132112]
 [-0.178746 -0.194121 -0.221401 ... -0.695126 -0.669738 -0.673374]]",18,0.6470588235294118,0.634264,88,121
"[[-0.558642 -0.558663 -0.550518 ... -2.695833 -2.824006 -2.828543]
 [-2.832262 -2.83413  -2.787283 ...  0.339516 -0.133254 -0.489851]
 [-0.696059 -0.725346 -0.633144 ... -1.585419 -1.31193  -0.983244]
 ...
 [ 0.314638  0.380671  0.527931 ... -0.58301  -0.580774 -0.562003]
 [-0.540818 -0.603843 -0.586009 ...  0.04416   0.056115  0.146446]
 [ 0.019778 -0.28009  -0.232704 ... -0.931928 -0.724234 -0.602663]]",18,0.6470588235294118,0.6382537,89,13
"[[-0.426786 -0.462386 -0.684286 ...  0.51443   0.524043  0.534606]
 [ 0.675108  0.879365  0.939467 ... -0.630181 -0.624152 -0.616471]
 [-0.613647 -0.606558 -0.597312 ...  0.682516  0.666925  0.597573]
 ...
 [ 0.08605  -0.278153 -0.719778 ... -0.44273  -0.444775 -0.444515]
 [-0.44046  -0.449619 -0.437602 ... -0.487063 -0.376099 -0.536001]
 [-0.964145 -0.862946 -1.013437 ... -0.363708 -0.524731 -0.37127 ]]",15,0.7058823529411765,0.5157629,90,149
"[[-0.592341 -0.595138 -0.592634 ... -0.523597 -0.519817 -0.526177]
 [-0.538448 -0.549781 -0.558481 ... -0.638611 -0.631316 -0.630257]
 [-0.625433 -0.627942 -0.627391 ... -1.578126 -1.565611 -1.562791]
 ...
 [-0.130048 -0.238802 -0.397197 ... -0.40057  -0.40236  -0.401687]
 [-0.401091 -0.400235 -0.400324 ...  0.302478  0.3221    0.29912 ]
 [ 0.271174  0.267505  0.254367 ... -0.315017 -0.316111 -0.324802]]",23,0.5490196078431373,0.606419,91,148
"[[-0.592066 -0.594945 -0.59325  ...  0.294938  0.59626   0.688641]
 [ 0.667479  0.604691  0.571923 ... -0.654797 -0.661244 -0.656282]
 [-0.655383 -0.656556 -0.659135 ...  0.117116  0.120225  0.121041]
 ...
 [-0.26067  -0.319588 -0.406335 ... -0.673401 -0.674396 -0.674584]
 [-0.677574 -0.65966  -0.618794 ... -0.905945 -0.566599 -0.56672 ]
 [-0.586227 -0.577889 -0.583638 ... -0.538057 -0.423917 -0.535229]]",23,0.5490196078431373,0.5091714,92,134
"[[-0.734618 -0.732987 -0.730831 ...  0.447055  0.452331  0.671165]
 [ 0.788437  0.477482  0.047056 ... -0.723111 -0.725052 -0.737819]
 [-0.759434 -0.764228 -0.826897 ... -0.060797 -0.520564 -0.509118]
 ...
 [ 0.558097  0.027031 -0.364494 ... -0.774426 -0.764133 -0.83109 ]
 [-0.793211 -0.779061 -0.740344 ... -0.456689 -0.472777 -0.488537]
 [-0.475955 -0.620254 -0.628419 ... -0.81991  -0.842908 -0.825083]]",22,0.5686274509803921,0.87749857,93,125
"[[-0.441394 -0.433558 -0.43743  ... -0.345408 -0.077136  0.443299]
 [ 0.590514  0.680037  0.658963 ... -0.498346 -0.506935 -0.507825]
 [-0.492541 -0.479527 -0.481246 ... -1.754765 -1.735835 -1.752005]
 ...
 [ 0.162249 -0.315006 -0.803411 ... -0.765946 -0.767533 -0.765745]
 [-0.764311 -0.765067 -0.765616 ... -0.0103   -0.016484  0.018828]
 [ 0.047394  0.07926  -0.13362  ... -0.727181 -0.745757 -0.741772]]",23,0.5490196078431373,0.59539616,94,140
"[[-0.704524 -0.701647 -0.699285 ... -0.537274 -0.520545 -0.520379]
 [-0.524139 -0.526902 -0.529317 ... -0.596343 -0.601016 -0.602239]
 [-0.606527 -0.613679 -0.611044 ... -1.916515 -1.891689 -1.892893]
 ...
 [ 0.546919  0.416605  0.258479 ... -0.770069 -0.781782 -0.790455]
 [-0.791437 -0.767873 -0.783664 ... -0.137511 -0.12639  -0.10804 ]
 [-0.142938 -0.092874 -0.090266 ... -0.734858 -0.734219 -0.731754]]",3,0.9411764705882353,0.52588373,95,126
"[[-0.635822 -0.636281 -0.637598 ... -0.579626 -0.566651 -0.571162]
 [-0.565921 -0.562076 -0.558906 ... -0.61188  -0.607754 -0.613972]
 [-0.614622 -0.612479 -0.60317  ... -1.923166 -1.898548 -1.883121]
 ...
 [ 0.123609 -0.217694 -0.712453 ... -0.740321 -0.750485 -0.74855 ]
 [-0.736148 -0.745848 -0.836246 ... -0.365432 -0.369956 -0.385173]
 [-0.397881 -0.404004 -0.490111 ... -0.665245 -0.667656 -0.659424]]",3,0.9411764705882353,0.60342497,96,75
"[[-0.568401 -0.571945 -0.572089 ...  0.225014  0.473407  0.639047]
 [ 0.711306  0.764393  0.84821  ... -0.66708  -0.766285 -0.745639]
 [-0.671634 -0.591511 -0.64201  ... -0.898819 -0.676095 -0.506217]
 ...
 [ 0.768094  0.807628  0.822306 ... -0.588941 -0.589327 -0.58961 ]
 [-0.584704 -0.592007 -0.591426 ... -0.301949 -0.25194  -0.221139]
 [-0.207944 -0.197412 -0.203358 ... -0.575364 -0.57371  -0.567711]]",20,0.6078431372549019,0.7075278,97,142
"[[-0.448924 -0.447247 -0.448816 ... -0.503544 -0.499707 -0.368018]
 [-0.374764 -0.40622  -0.408352 ... -0.435472 -0.426034 -0.424363]
 [-0.420338 -0.420409 -0.42036  ... -1.677136 -1.678682 -1.675996]
 ...
 [-0.327903 -0.585476 -0.851792 ... -0.844054 -0.83735  -0.822038]
 [-0.681065 -0.683415 -0.595131 ... -0.073203 -0.076764 -0.188754]
 [-0.169031 -0.150605 -0.197419 ... -0.567674 -0.647804 -0.582552]]",15,0.7058823529411765,0.7383752,98,76
"[[-0.739433 -0.757744 -0.763922 ...  0.691999  0.334833  0.481633]
 [ 0.788255  0.190226 -0.479495 ... -0.955594 -0.998581 -0.913436]
 [-0.764102 -0.609153 -0.600376 ...  0.026336  0.033889  0.059178]
 ...
 [-0.3567   -0.49151  -0.502165 ... -0.458826 -0.425807 -0.436489]
 [-0.472703  0.038357  0.026074 ... -0.953329 -0.5928   -0.507767]
 [ 0.040103  0.637761  0.906974 ... -0.728103 -0.68531  -0.695418]]",23,0.5490196078431373,0.9734369,99,149
"[[-0.600091 -0.601344 -0.59928  ... -0.607767 -0.60955  -0.607887]
 [-0.602466 -0.604709 -0.603632 ... -0.592865 -0.594152 -0.592738]
 [-0.594151 -0.591166 -0.58824  ... -1.620725 -1.624215 -1.619497]
 ...
 [ 0.807726  0.834708  1.107265 ... -0.626339 -0.624983 -0.615182]
 [-0.618493 -0.619622 -0.619378 ... -0.11087  -0.129831  0.060289]
 [ 0.089192  0.08951   0.024411 ... -0.533714 -0.532504 -0.563131]]",28,0.45098039215686275,0.55814123,100,139
"[[-0.448237 -0.455132 -0.460897 ...  0.885855  0.877641  0.863125]
 [ 0.880705  0.852758  0.866296 ... -0.497041 -0.48548  -0.479177]
 [-0.479299 -0.479754 -0.483536 ... -1.215754 -0.796374 -0.481262]
 ...
 [ 0.423237 -0.061283 -0.466947 ... -0.623486 -0.611688 -0.569787]
 [-0.512137 -0.393738 -0.216967 ... -0.429659 -0.431839 -0.462763]
 [-0.507306 -0.633008 -0.777652 ... -0.560414 -0.616039 -0.557581]]",23,0.5490196078431373,0.9292654,101,78
"[[-0.447048 -0.448833 -0.448193 ... -0.228671  0.107415  0.492617]
 [ 0.571702  0.924236  0.947755 ... -1.49409  -1.105895 -0.814338]
 [-0.64487  -0.591713 -0.588989 ... -0.035044  0.489444  0.771053]
 ...
 [ 0.549662  0.824291  0.942187 ... -0.808831 -0.811039 -0.80265 ]
 [-0.806239 -0.815955 -0.790972 ... -0.449996 -0.50609  -0.455069]
 [-0.477666 -0.448765 -0.534571 ... -0.70028  -0.759707 -0.738184]]",18,0.6470588235294118,0.8560596,102,10
"[[-6.17795e-01 -5.92323e-01 -5.92010e-01 ...  3.30388e-01  3.43661e-01
   3.56530e-01]
 [ 3.60520e-01  3.62559e-01  3.63159e-01 ... -6.96136e-01 -6.94270e-01
  -6.92316e-01]
 [-6.90519e-01 -6.86490e-01 -6.84855e-01 ...  1.57940e-02  8.26360e-02
   3.69000e-04]
 ...
 [ 6.97312e-01  5.31744e-01  3.69158e-01 ... -4.15773e-01 -4.10967e-01
  -4.17412e-01]
 [-3.97252e-01 -4.14045e-01 -5.57766e-01 ... -3.69358e-01 -1.87258e-01
  -1.57732e-01]
 [-2.43822e-01 -3.76467e-01 -4.73255e-01 ... -3.80783e-01 -3.86312e-01
  -4.23512e-01]]",25,0.5098039215686274,0.91027445,103,64
"[[-0.688772 -0.690397 -0.65442  ... -0.539669 -0.549807 -0.530089]
 [-0.536389 -0.517516 -0.514517 ... -0.513215 -0.527813 -0.541138]
 [-0.545937 -0.593604 -0.608114 ... -1.884352 -1.82661  -1.972692]
 ...
 [ 1.168122  0.947865  0.617434 ... -0.902435 -0.900886 -0.857959]
 [-0.916609 -0.853866 -0.896699 ... -0.104271 -0.051286 -0.163532]
 [-0.163561 -0.130787 -0.178133 ... -0.759266 -0.774889 -0.796475]]",8,0.8431372549019608,0.59887755,104,105
"[[-0.616689 -0.614287 -0.616339 ...  0.72806   0.65099   0.795555]
 [ 0.787965  0.806891  0.813745 ... -0.629956 -0.624907 -0.628131]
 [-0.623601 -0.621252 -0.619131 ... -1.074803 -0.707077 -0.3945  ]
 ...
 [ 0.466651  0.0654   -0.380199 ... -0.601132 -0.599779 -0.599448]
 [-0.602916 -0.601825 -0.621278 ... -0.367569 -0.371071 -0.324933]
 [-0.433424 -0.682242 -0.881494 ... -0.486061 -0.513332 -0.490538]]",19,0.6274509803921569,0.9900567,105,141
"[[-0.596139 -0.596019 -0.594476 ...  0.211853  0.200031  0.193886]
 [ 0.188601  0.190171  0.269092 ... -0.576416 -0.57689  -0.578217]
 [-0.57949  -0.578794 -0.575571 ... -0.359935 -0.266416 -0.23259 ]
 ...
 [-0.445171 -1.010745 -1.338888 ... -0.696241 -0.685268 -0.686562]
 [-0.684256 -0.661004 -0.674006 ... -0.514512 -0.421355 -0.617404]
 [-0.719375 -1.029935 -1.480214 ... -0.721331 -0.728701 -0.730946]]",19,0.6274509803921569,0.7986547,106,141
"[[-0.454253 -0.450505 -0.456012 ... -0.450319 -0.44838  -0.442098]
 [-0.4344   -0.414534 -0.399402 ... -0.401792 -0.396732 -0.399288]
 [-0.47517  -0.382636 -0.36855  ... -1.894444 -1.890492 -1.85037 ]
 ...
 [ 0.782111  0.803083  0.867744 ... -0.445267 -0.44647  -0.43286 ]
 [-0.442112 -0.470349 -0.424484 ...  0.727175  0.775546  0.907738]
 [ 0.95387   0.808042  0.687408 ...  0.188198  0.089406 -0.085818]]",38,0.2549019607843137,0.93101984,107,46
"[[-0.537015 -0.536876 -0.534908 ... -0.578767 -0.562592 -0.528095]
 [-0.496609 -0.497436 -0.508912 ... -0.55149  -0.546066 -0.560585]
 [-0.573175 -0.601013 -0.629774 ... -1.894817 -1.894011 -1.898693]
 ...
 [ 0.268405  0.133403 -0.020628 ... -0.566925 -0.554413 -0.564944]
 [-0.843443 -0.835607 -0.848357 ... -0.512274 -0.52949  -0.581803]
 [-0.471866 -0.697151 -0.616717 ... -0.730076 -0.680352 -0.716215]]",14,0.7254901960784313,0.73916805,108,75
"[[-0.937442 -1.029955 -0.985338 ...  0.764209  0.726093  0.73311 ]
 [ 0.732906  0.736128  0.765468 ... -0.758403 -0.722961 -0.661048]
 [-0.674346 -0.687475 -0.68439  ... -0.364201 -0.304412 -0.257709]
 ...
 [ 1.12513   1.125033  1.083113 ... -0.540128 -0.537885 -0.574433]
 [-0.541705 -0.550021 -0.538729 ...  0.09235   0.088141  0.081261]
 [ 0.094447  0.100118  0.123775 ... -0.495064 -0.483206 -0.538299]]",25,0.5098039215686274,0.8866946,109,67
"[[-0.48781  -0.47401  -0.481137 ... -0.433309 -0.428333 -0.426952]
 [-0.413917 -0.416038 -0.419042 ... -0.470461 -0.442279 -0.463094]
 [-0.426098 -0.426315 -0.47817  ... -1.975267 -1.974573 -1.974533]
 ...
 [-0.094627 -0.569172 -0.912361 ... -0.756969 -0.754656 -0.757495]
 [-0.758559 -0.758817 -0.7853   ... -0.213616 -0.264971 -0.281424]
 [-0.362644 -0.505276 -0.531414 ... -0.791388 -0.815475 -0.801589]]",10,0.803921568627451,0.52300686,110,77
"[[-0.623727 -0.624683 -0.622881 ... -0.550959 -0.548903 -0.548004]
 [-0.557047 -0.559107 -0.57033  ... -0.665086 -0.660116 -0.658951]
 [-0.65084  -0.653545 -0.655328 ... -1.767151 -1.742903 -1.72649 ]
 ...
 [-0.481794 -0.695779 -0.869915 ... -0.478876 -0.484863 -0.541205]
 [-0.480016 -0.49831  -0.476392 ...  0.123769  0.114754  0.105961]
 [ 0.081737  0.02652  -0.042672 ... -0.477385 -0.450918 -0.476702]]",30,0.4117647058823529,0.55062973,111,151
"[[-0.405074 -0.407424 -0.409249 ... -0.386353 -0.385028 -0.386243]
 [-0.385545 -0.381807 -0.376797 ... -0.438039 -0.431837 -0.43391 ]
 [-0.441697 -0.434769 -0.434636 ... -1.791739 -1.778583 -1.75466 ]
 ...
 [ 0.320929  0.176644 -0.110114 ... -0.590034 -0.586115 -0.588514]
 [-0.588385 -0.587691 -0.588804 ...  0.467085  0.432891  0.408811]
 [ 0.41279   0.402067  0.361272 ... -0.292144 -0.36938  -0.407201]]",26,0.49019607843137253,0.68050784,112,118
"[[-0.632811 -0.62522  -0.606221 ... -2.407063 -2.469044 -2.472716]
 [-2.444455 -1.990253 -2.003008 ... -1.147913 -1.009892 -0.807724]
 [-0.809975 -0.782279 -0.804894 ...  0.186559  0.340581  0.349788]
 ...
 [ 1.256547  1.248844  1.237518 ... -0.7005   -0.695379 -0.698566]
 [-0.685084 -0.690376 -0.68801  ... -0.205505 -0.22164  -0.302736]
 [-0.298327 -0.295209 -0.313591 ... -0.660866 -0.678212 -0.648357]]",25,0.5098039215686274,0.58826727,113,96
"[[-0.513215 -0.497269 -0.487899 ... -0.462612 -0.497982 -0.474195]
 [-0.476375 -0.46393  -0.459532 ... -0.435754 -0.439699 -0.419249]
 [-0.417544 -0.431618 -0.435381 ... -1.682513 -1.687504 -1.6908  ]
 ...
 [ 0.144807  0.261466  0.343276 ... -0.751025 -0.757392 -0.760381]
 [-0.746811 -0.730672 -0.714395 ... -0.570913 -0.409906 -0.275105]
 [-0.13631   0.028477  0.115934 ... -0.573046 -0.621411 -0.620508]]",2,0.9607843137254902,0.5619364,114,55
"[[-0.520411 -0.522291 -0.522077 ... -0.486765 -0.486135 -0.482327]
 [-0.483745 -0.477814 -0.476769 ... -0.428247 -0.430099 -0.427478]
 [-0.427791 -0.435043 -0.436689 ... -1.598502 -1.559552 -1.551307]
 ...
 [ 0.546919  0.416605  0.258479 ... -0.770069 -0.781782 -0.790455]
 [-0.791437 -0.767873 -0.783664 ... -0.137511 -0.12639  -0.10804 ]
 [ 0.034429  0.035514  0.036586 ... -0.427445 -0.314006 -0.292138]]",42,0.17647058823529413,0.66827255,115,126
"[[-0.639554 -0.636904 -0.645384 ... -0.613001 -0.615261 -0.608923]
 [-0.609033 -0.60912  -0.608799 ... -0.624006 -0.675788 -0.692699]
 [-0.680765 -0.683583 -0.66974  ... -2.079918 -2.06528  -2.070532]
 ...
 [-1.319156 -0.899127 -0.315035 ... -0.746356 -0.727124 -0.740231]
 [-0.775244 -0.76735  -0.746666 ... -0.736683 -0.757359 -0.732172]
 [-0.749868 -0.8815   -0.922267 ... -0.997463 -0.93966  -0.848312]]",24,0.5294117647058824,0.5504068,116,46
"[[-0.616164 -0.616258 -0.618863 ... -0.538417 -0.531321 -0.530022]
 [-0.533377 -0.539532 -0.551223 ... -0.629715 -0.625664 -0.618833]
 [-0.617998 -0.609809 -0.604335 ... -1.586354 -1.578291 -1.57245 ]
 ...
 [-0.300937 -0.324204 -0.497735 ... -0.443534 -0.427705 -0.333653]
 [-0.435406 -0.420865 -0.423067 ... -0.049014 -0.042153 -0.006205]
 [ 0.00434  -0.08163  -0.074915 ... -0.443692 -0.447681 -0.45725 ]]",38,0.2549019607843137,0.5874037,117,148
"[[-0.393067 -0.386616 -0.33418  ...  0.272474  0.642571  0.730405]
 [ 0.555972  0.438454  0.638913 ... -0.771031 -0.738945 -0.73037 ]
 [-0.703857 -0.619468 -0.577999 ...  0.731984  0.778584  0.873181]
 ...
 [-0.169456 -0.198272 -0.179136 ... -0.384889 -0.336025 -0.426571]
 [-0.593974 -0.572096 -0.378785 ... -0.841565 -0.728781 -0.736417]
 [-0.718766 -0.711174 -0.689654 ... -0.609754 -0.606582 -0.421354]]",18,0.6470588235294118,0.542089,118,134
"[[-0.442368 -0.438594 -0.446447 ... -0.449197 -0.451637 -0.435269]
 [-0.434232 -0.436559 -0.43482  ... -0.451398 -0.451448 -0.447306]
 [-0.436358 -0.448525 -0.446444 ... -1.730662 -1.712562 -1.696384]
 ...
 [-0.19583  -0.485664 -0.694129 ... -0.631713 -0.618152 -0.597974]
 [-0.63439  -0.587468 -0.581518 ...  0.278846  0.28726   0.284466]
 [ 0.265802  0.244432  0.240906 ... -0.528372 -0.530798 -0.54064 ]]",26,0.49019607843137253,0.84639525,119,151
"[[-0.501926 -0.498513 -0.501887 ... -0.484132 -0.482024 -0.491739]
 [-0.492621 -0.485909 -0.48246  ... -0.552282 -0.556248 -0.551048]
 [-0.546121 -0.541067 -0.537028 ... -1.630891 -1.619778 -1.603743]
 ...
 [ 0.176346  0.188319  0.104278 ... -0.783483 -0.794816 -0.80111 ]
 [-0.801634 -0.814267 -0.78753  ... -0.023746 -0.086711 -0.076654]
 [ 0.46484   0.552307  0.528976 ... -0.485972 -0.506906 -0.516506]]",18,0.6478758169934641,0.6529737,120,120
"[[-0.724115 -0.72805  -0.728728 ...  0.652148  0.639916  0.610991]
 [ 0.582124  0.565529  0.556343 ... -1.617592 -1.198317 -0.879714]
 [-0.715594 -0.760896 -0.763071 ...  0.061903 -0.012004 -0.106626]
 ...
 [ 0.08605  -0.278153 -0.719778 ... -0.44273  -0.444775 -0.444515]
 [-0.44046  -0.449619 -0.437602 ... -0.487063 -0.376099 -0.536001]
 [-0.878536 -0.702579 -0.749508 ... -0.697686 -0.699061 -1.045942]]",21,0.5882352941176471,0.6815114,121,149
"[[-0.585701 -0.58673  -0.584912 ... -2.234721 -2.250597 -2.16262 ]
 [-2.13721  -2.100545 -2.128735 ...  0.971816  0.823211  0.518928]
 [ 0.08553  -0.377193 -0.517034 ... -0.488886  0.066035  0.345382]
 ...
 [ 1.256547  1.248844  1.237518 ... -0.7005   -0.695379 -0.698566]
 [-0.685084 -0.690376 -0.68801  ... -0.205505 -0.22164  -0.302736]
 [-0.298327 -0.295209 -0.313591 ... -0.660866 -0.678212 -0.648357]]",25,0.5098039215686274,0.90018386,122,96
"[[-0.695538 -0.699521 -0.694279 ...  0.861367  0.78755   0.796989]
 [ 0.358995  0.346897  0.340907 ... -1.055488 -0.926549 -0.899198]
 [-0.885183 -0.873626 -0.867281 ...  0.266737  0.431785  0.100056]
 ...
 [ 0.458333  0.949524  0.869116 ... -0.587483 -0.675903 -0.627833]
 [-0.680755 -0.606073 -0.594009 ... -0.803887 -0.763764 -0.863687]
 [-0.822059 -1.030445 -1.282696 ... -0.664899 -0.599934 -0.611616]]",23,0.5490196078431373,0.88934046,123,150
"[[-0.540579 -0.54101  -0.540603 ... -0.551316 -0.553834 -0.558104]
 [-0.560738 -0.558948 -0.559712 ... -0.570396 -0.569147 -0.564811]
 [-0.56305  -0.566314 -0.553712 ... -1.540248 -1.542848 -1.54885 ]
 ...
 [ 0.670901  0.693798  0.615974 ... -0.689523 -0.692085 -0.694719]
 [-0.676204 -0.661471 -0.66448  ... -0.52475  -0.520619 -0.480063]
 [-0.42999  -0.419596 -0.4098   ... -0.562394 -0.566038 -0.543731]]",29,0.43137254901960786,0.72931516,124,40
"[[-0.582904 -0.592504 -0.591928 ... -0.635435 -0.639812 -0.633538]
 [-0.62965  -0.599379 -0.579373 ... -0.644225 -0.647099 -0.631316]
 [-0.616152 -0.590099 -0.592277 ... -1.964471 -1.967279 -1.980541]
 ...
 [ 0.493478  0.519827  0.380944 ... -0.575071 -0.58749  -0.58187 ]
 [-0.69869  -0.572152 -0.618404 ... -0.370208 -0.394631 -0.429104]
 [-0.482224 -0.477516 -0.500891 ... -0.749853 -0.742219 -0.753349]]",6,0.8823529411764706,0.50746465,125,62
"[[-0.594396 -0.596804 -0.593717 ... -0.598676 -0.592907 -0.582077]
 [-0.573735 -0.569736 -0.572401 ... -0.621032 -0.621229 -0.61716 ]
 [-0.621877 -0.614233 -0.620115 ... -1.600582 -1.580686 -1.58815 ]
 ...
 [-0.823935 -1.057002 -1.237321 ... -0.594308 -0.595936 -0.594165]
 [-0.59262  -0.594072 -0.594758 ...  0.024599 -0.032442 -0.09086 ]
 [-0.140015 -0.203361 -0.265931 ... -0.59343  -0.603776 -0.61373 ]]",23,0.5490196078431373,0.9990754,126,17
"[[-0.40145  -0.39666  -0.393413 ... -0.371477 -0.370881 -0.373262]
 [-0.3461   -0.325241 -0.334454 ... -0.502065 -0.328658 -0.325466]
 [-0.331252 -0.325511 -0.339425 ... -1.699297 -1.709445 -1.708831]
 ...
 [ 0.294533  0.38447   0.381479 ... -0.553469 -0.563396 -0.563138]
 [-0.699495 -0.70257  -0.68799  ... -0.595435 -0.592285 -0.494123]
 [-0.456758 -0.39353  -0.266375 ... -0.678872 -0.721245 -0.720643]]",16,0.6862745098039216,0.63365763,127,46
"[[-0.690789 -0.69181  -0.686597 ... -0.656553 -0.635823 -0.61934 ]
 [-0.618245 -0.612525 -0.622602 ... -0.630729 -0.635203 -0.634775]
 [-0.641686 -0.642651 -0.64348  ... -2.152073 -2.151535 -2.154444]
 ...
 [-1.894786 -1.909486 -1.919786 ... -0.617929 -0.605446 -0.633301]
 [-0.614674 -0.613827 -0.607222 ... -0.608737 -0.627532 -0.569385]
 [-0.560718 -0.469966 -0.469725 ... -0.413775 -0.388659 -0.373716]]",1,0.9803921568627451,0.9250916,128,102
"[[-0.699175 -0.653249 -0.637992 ... -0.682405 -0.694298 -0.711902]
 [-0.706361 -0.712114 -0.711236 ... -0.694556 -0.69582  -0.697162]
 [-0.701431 -0.690879 -0.691246 ... -1.919564 -1.89859  -1.955413]
 ...
 [-1.760203 -1.681158 -1.752682 ... -0.721053 -0.712515 -0.767426]
 [-0.849052 -0.762095 -0.664939 ... -0.56203  -0.471684 -0.504751]
 [-0.502506 -0.641029 -0.644053 ... -0.712722 -0.695443 -0.685278]]",14,0.7254901960784313,0.93758523,129,2
"[[-0.55556  -0.551621 -0.548555 ... -1.638766 -0.938746 -0.286957]
 [ 0.238966  0.425175  0.462804 ... -0.576312 -0.569398 -0.568362]
 [-0.566959 -0.566249 -0.577956 ...  0.366185  0.388347  0.477155]
 ...
 [-0.829387 -0.352924 -0.57977  ... -0.784882 -0.772198 -0.768956]
 [-0.762281 -0.768157 -0.766237 ... -1.225726 -0.664084 -0.471774]
 [-0.312364 -0.397892 -0.333562 ... -0.639067 -0.669177 -0.747174]]",22,0.5686274509803921,0.86781466,130,150
"[[-0.610812 -0.610555 -0.609872 ... -0.598216 -0.589852 -0.615595]
 [-0.623661 -0.61972  -0.620185 ... -0.630008 -0.636252 -0.643716]
 [-0.63013  -0.62376  -0.623045 ... -1.593651 -1.575369 -1.558325]
 ...
 [ 0.349959  0.342418  0.328785 ... -0.649884 -0.648341 -0.631058]
 [-0.64373  -0.639141 -0.645323 ... -0.314241 -0.303695 -0.315787]
 [ 0.205908  0.209744  0.2069   ... -0.487559 -0.485277 -0.458802]]",5,0.9019607843137255,0.5590247,131,26
"[[-0.541119 -0.541227 -0.541562 ... -0.451168 -0.453755 -0.456329]
 [-0.45438  -0.434982 -0.426592 ... -0.511127 -0.516668 -0.505944]
 [-0.508671 -0.507624 -0.510255 ... -1.871729 -1.858123 -1.889765]
 ...
 [ 0.88025   0.877998  0.949526 ... -0.202518 -0.202758 -0.203105]
 [-0.20317  -0.20337  -0.203433 ...  0.913774  0.802852  0.66594 ]
 [ 0.452891  0.311474  0.209002 ... -0.455403 -0.456418 -0.55971 ]]",36,0.29411764705882354,0.54027784,132,167
"[[-0.579232 -0.585195 -0.585277 ... -0.674998 -0.675305 -0.656286]
 [-0.657437 -0.643951 -0.631396 ... -0.595218 -0.597964 -0.618174]
 [-0.598796 -0.605302 -0.607241 ... -1.939497 -1.916062 -1.900809]
 ...
 [ 0.268405  0.133403 -0.020628 ... -0.566925 -0.554413 -0.564944]
 [-0.730819 -0.731574 -0.737052 ... -0.292943 -0.341719 -0.343352]
 [-0.428701 -0.443092 -0.461188 ... -0.84411  -0.842558 -0.825168]]",14,0.7254901960784313,0.7106299,133,75
"[[-0.510445 -0.508279 -0.507741 ...  0.297171  0.321127  0.404652]
 [ 0.407204  0.42215   0.431992 ... -0.596894 -0.526353 -0.532675]
 [-0.527629 -0.522905 -0.514742 ...  0.599571  0.494674  0.306796]
 ...
 [ 0.815978  0.881613  0.803233 ... -0.778065 -0.775276 -0.771549]
 [-0.745271 -0.757102 -0.759605 ... -0.652534 -0.646125 -0.641581]
 [-0.562187 -0.408518 -0.553139 ... -0.704985 -0.721736 -0.729592]]",18,0.6470588235294118,0.97272015,134,10
"[[-0.779305 -0.753111 -0.756155 ... -2.924802 -2.863429 -2.874574]
 [-2.921373 -2.951858 -2.935426 ... -0.869602 -1.212339 -1.236438]
 [-1.182733 -1.0923   -0.95069  ... -0.280494  0.140396  0.263705]
 ...
 [ 0.598634  0.579782  0.605517 ... -0.590738 -0.591569 -0.598662]
 [-0.590289 -0.582333 -0.586613 ...  0.692733  0.695373  0.584076]
 [ 0.345228  0.057202 -0.435465 ... -0.662139 -0.623383 -0.533797]]",24,0.5294117647058824,0.61088747,135,88
"[[-0.672943 -0.684975 -0.680913 ...  0.46581   0.491519  0.487583]
 [ 0.437105  0.433432  0.443385 ... -0.667663 -0.638167 -0.615552]
 [-0.661566 -0.666269 -0.651179 ... -0.25102  -0.102252  0.046455]
 ...
 [-0.102818 -0.113407 -0.132935 ... -0.769358 -0.770342 -0.77143 ]
 [-0.771473 -0.773422 -0.769413 ... -0.721541 -0.622291 -0.586095]
 [-0.685149 -0.613282 -0.601095 ... -0.763356 -0.777426 -0.768062]]",10,0.803921568627451,0.66439044,136,145
"[[-0.533767 -0.533399 -0.532704 ... -0.537556 -0.534443 -0.531325]
 [-0.427318 -0.418354 -0.41606  ... -0.42859  -0.429109 -0.432341]
 [-0.424468 -0.399403 -0.391776 ... -2.181532 -2.182625 -2.183738]
 ...
 [-0.127689 -0.002686  0.119303 ... -0.633436 -0.638689 -0.647645]
 [-0.644543 -0.644217 -0.647793 ... -0.391085 -0.281572 -0.38481 ]
 [-0.288508 -0.053101  0.043031 ... -0.386423 -0.333876 -0.370605]]",6,0.8823529411764706,0.5557435,137,171
"[[-0.409338 -0.411184 -0.405943 ... -0.412806 -0.414704 -0.406532]
 [-0.403424 -0.404537 -0.403935 ... -0.432313 -0.433007 -0.434809]
 [-0.429966 -0.429466 -0.431431 ... -1.761653 -1.76136  -1.757211]
 ...
 [ 0.444027  0.379555  0.227206 ... -0.52089  -0.525996 -0.524281]
 [-0.523871 -0.524259 -0.520871 ...  0.442479  0.441039  0.453239]
 [ 0.428731  0.424481  0.391945 ... -0.301258 -0.354244 -0.368558]]",23,0.5490196078431373,0.5310846,138,73
"[[-0.710793 -0.683589 -0.684354 ... -0.558108 -0.555012 -0.55784 ]
 [-0.560951 -0.559294 -0.553245 ... -0.656307 -0.632427 -0.629498]
 [-0.620363 -0.634581 -0.636953 ... -1.882027 -1.881211 -1.882895]
 ...
 [-0.249288 -0.530952 -0.846615 ... -0.788202 -0.80093  -0.803934]
 [-0.816555 -0.81028  -0.806145 ... -0.737457 -0.775663 -0.702426]
 [-0.702695 -0.73904  -0.811875 ... -0.813903 -0.800961 -0.783803]]",20,0.6078431372549019,0.6233978,139,8
"[[-0.530695 -0.530444 -0.529833 ... -0.505645 -0.411018 -0.432605]
 [-0.429758 -0.386979 -0.388041 ... -0.432834 -0.435592 -0.433113]
 [-0.441451 -0.43391  -0.426733 ... -1.807427 -1.834895 -1.801401]
 ...
 [-0.329173 -0.628058 -0.93308  ... -0.707566 -0.712899 -0.721043]
 [-0.7174   -0.764772 -0.728791 ... -0.09942  -0.132586 -0.123162]
 [-0.128892 -0.197021 -0.209688 ... -0.681739 -0.697073 -0.695768]]",25,0.5098039215686274,0.9995801,140,122
"[[-0.717277 -0.717301 -0.715495 ... -1.937961 -1.940451 -1.941092]
 [-1.950873 -1.945351 -1.966287 ... -0.311281 -0.562539 -0.577391]
 [-0.590832 -0.542796 -0.510835 ...  0.311953  0.291547  0.3197  ]
 ...
 [ 1.256547  1.248844  1.237518 ... -0.7005   -0.695379 -0.698566]
 [-0.685084 -0.690376 -0.68801  ... -0.205505 -0.22164  -0.302736]
 [-0.298327 -0.295209 -0.313591 ... -0.660866 -0.678212 -0.648357]]",25,0.5098039215686274,0.84955007,141,96
"[[-0.621106 -0.62757  -0.68805  ...  0.380114  0.232722  0.280801]
 [ 0.286576  0.85669   0.862889 ... -0.594079 -0.594094 -0.597969]
 [-0.602747 -0.610261 -0.611731 ...  0.621998  0.518279  0.538304]
 ...
 [ 0.794778  0.575904  0.521604 ... -0.709129 -0.712743 -0.616346]
 [-0.504131 -0.454492 -0.444582 ... -0.01662   0.009404 -0.02333 ]
 [-0.792448 -0.791407 -0.791163 ... -0.695096 -0.698869 -0.703633]]",26,0.49019607843137253,0.620997,142,134
"[[-0.642457 -0.642594 -0.648599 ...  0.24927   0.246372  0.339941]
 [ 0.299413  0.297366  0.276811 ... -1.917071 -1.818681 -1.717464]
 [-1.520688 -1.231795 -0.999059 ... -0.007587  0.569054  0.559971]
 ...
 [ 0.408251  0.570771  0.631391 ... -0.638021 -0.638244 -0.642412]
 [-0.638364 -0.644662 -0.641692 ... -0.608829 -0.598367 -0.602851]
 [-0.664919 -2.087923 -0.417508 ... -0.792882 -0.850745 -0.818961]]",18,0.6470588235294118,0.6942589,143,10
"[[-0.578288 -0.592408 -0.589533 ... -0.514359 -0.515398 -0.513015]
 [-0.517561 -0.503446 -0.507096 ... -0.535131 -0.536275 -0.532855]
 [-0.532081 -0.528591 -0.529714 ... -1.808059 -1.807771 -1.811283]
 ...
 [-0.749454 -0.974399 -1.180216 ... -0.804511 -0.806536 -0.808009]
 [-0.798817 -0.801577 -0.807774 ... -0.422325 -0.577431 -0.663201]
 [-0.72945  -0.799264 -0.864804 ... -0.781921 -0.777904 -0.779997]]",22,0.5686274509803921,0.7875931,144,17
"[[-0.543815 -0.544813 -0.545702 ... -0.752373 -0.100989  0.56849 ]
 [ 0.764709  0.810051  1.123275 ... -0.635255 -0.671778 -0.673641]
 [-0.670651 -0.664063 -0.623916 ...  0.296579  0.500101  0.714635]
 ...
 [-0.542228 -0.596918 -0.669528 ... -0.699685 -0.700021 -0.706931]
 [-0.691599 -0.69532  -0.748596 ... -0.971283 -0.821122 -0.819244]
 [-0.81133  -0.818614 -1.051277 ... -0.452828 -0.481964 -0.459878]]",24,0.5294117647058824,0.54231805,145,145
"[[-0.541119 -0.541227 -0.541562 ... -0.451168 -0.453755 -0.456329]
 [-0.45438  -0.434982 -0.426592 ... -0.511127 -0.516668 -0.505944]
 [-0.508671 -0.507624 -0.510255 ... -1.871729 -1.858123 -1.889765]
 ...
 [ 1.135339  1.127897  1.114058 ... -0.249948 -0.250204 -0.244873]
 [-0.2511   -0.27624  -0.261726 ...  0.308342  0.328648  0.362693]
 [ 0.42616   0.435831  0.497593 ... -0.33548  -0.353916 -0.368821]]",36,0.29411764705882354,0.9274174,146,167
"[[-0.446921 -0.447214 -0.448122 ... -1.390758 -0.992367 -0.223493]
 [ 0.208065  0.589304  0.712198 ... -0.403003 -0.557467 -0.596577]
 [-0.606375 -0.558618 -0.551725 ...  0.454777  0.500902  0.604552]
 ...
 [ 1.256547  1.248844  1.237518 ... -0.7005   -0.695379 -0.698566]
 [-0.685084 -0.690376 -0.68801  ... -0.205505 -0.22164  -0.302736]
 [-0.298327 -0.295209 -0.313591 ... -0.660866 -0.678212 -0.648357]]",23,0.5490196078431373,0.8233011,147,96
"[[-0.595625 -0.593605 -0.588495 ...  0.351052  0.554457  0.528234]
 [ 0.563601  0.557719  0.515152 ... -0.539126 -0.486437 -0.4675  ]
 [-0.453359 -0.445844 -0.454189 ... -0.110185  0.297226  0.215567]
 ...
 [ 1.260802  1.251687  1.224375 ... -0.650664 -0.668024 -0.65183 ]
 [-0.653188 -0.6886   -0.692914 ... -0.482579 -0.388862 -0.388873]
 [-0.628885 -0.648127 -0.645965 ... -0.679702 -0.6317   -0.646476]]",19,0.6274509803921569,0.87221384,148,130
"[[-0.466582 -0.469372 -0.43454  ... -0.016281 -0.017846 -0.008042]
 [-0.007643  0.005679 -0.021367 ... -0.575416 -0.492768 -0.422277]
 [-0.389059 -0.394768 -0.411497 ... -0.463162 -0.460218 -0.470087]
 ...
 [-0.259065 -0.521733 -0.797263 ... -0.528869 -0.534167 -0.519643]
 [-0.530337 -0.596943 -0.560163 ...  0.268987  0.264024  0.258745]
 [ 0.165523  0.098331  0.013717 ... -0.492211 -0.496894 -0.47356 ]]",17,0.6666666666666666,0.6031653,149,158
"[[-0.639342 -0.63843  -0.644854 ... -0.705205 -0.719976 -0.703099]
 [-0.715705 -0.723839 -0.723938 ... -0.790391 -0.791217 -0.792443]
 [-0.785671 -0.800437 -0.79744  ... -2.087378 -1.950327 -1.839662]
 ...
 [ 0.032956 -0.182532 -0.329718 ... -0.588616 -0.584344 -0.585391]
 [-0.585896 -0.582851 -0.582838 ... -0.241463 -0.207312 -0.230129]
 [-0.237351 -0.251402 -0.268012 ... -0.497637 -0.346443 -0.349871]]",19,0.6274509803921569,0.55690944,150,118
"[[-0.500404 -0.502824 -0.504771 ...  0.343073  0.3452    0.349664]
 [ 0.369448  0.396614  0.436203 ... -0.529874 -0.553498 -0.572458]
 [-0.588936 -0.604985 -0.611643 ...  0.185941  0.204395  0.196767]
 ...
 [-0.809715 -1.187944 -1.484687 ... -0.79378  -0.784038 -0.802504]
 [-0.78298  -0.788058 -0.797307 ... -0.719899 -0.79407  -0.917078]
 [-1.041691 -1.2608   -1.62185  ... -0.809717 -0.815547 -0.811006]]",19,0.6274509803921569,0.9630956,151,141
"[[-0.46437  -0.464836 -0.464901 ...  0.856607  0.854257  0.851267]
 [ 0.867377  0.66812   0.521192 ... -1.489605 -1.223679 -0.912756]
 [-0.737091 -0.592717 -0.581715 ... -0.295692 -0.304128 -0.315191]
 ...
 [ 0.444302  0.237129  0.225883 ... -0.087322 -0.058512 -0.083732]
 [-0.069873 -0.083608 -0.117129 ... -0.58774  -0.520629 -0.675473]
 [-0.668843 -0.642232 -0.439048 ... -0.109102 -0.353771 -0.368755]]",25,0.5098039215686274,0.87951875,152,49
"[[-0.610936 -0.62823  -0.696792 ...  0.624342  0.721247  0.904536]
 [ 0.137122 -0.639719 -1.865929 ... -0.819617 -0.746965 -0.708838]
 [-0.68215  -0.649196 -0.60857  ...  0.002739 -0.712972 -0.670107]
 ...
 [ 0.558097  0.027031 -0.364494 ... -0.774426 -0.764133 -0.83109 ]
 [-0.793211 -0.779061 -0.740344 ... -0.456689 -0.472777 -0.488537]
 [-0.475955 -0.620254 -0.628419 ... -0.81991  -0.842908 -0.825083]]",25,0.5098039215686274,0.9302064,153,125
"[[-0.686893 -0.690966 -0.710514 ...  0.746943  0.647041  0.26628 ]
 [-0.26325  -0.72977  -0.975732 ... -0.586456 -0.587513 -0.590223]
 [-0.588903 -0.591829 -0.591138 ...  0.254249 -0.00522  -0.091967]
 ...
 [-2.064512 -2.000296 -1.811144 ... -0.676444 -0.663363 -0.645592]
 [-0.582066 -0.470973 -0.299958 ... -0.622859 -0.67628  -0.624577]
 [-0.682623 -0.424955 -0.407827 ... -0.468472 -0.49555  -0.508409]]",18,0.6470588235294118,0.7208902,154,6
"[[-0.525938 -0.516073 -0.5177   ...  0.652187  0.631501  0.470581]
 [ 0.682265  0.657759  0.604814 ... -0.545924 -0.540783 -0.544388]
 [-0.550136 -0.546228 -0.545995 ... -0.12846  -0.011752  0.001059]
 ...
 [ 0.75426   0.577907  0.281453 ... -0.718058 -0.737808 -0.741632]
 [-0.729199 -0.713423 -0.739205 ... -0.580979 -0.654944 -0.693574]
 [-0.78244  -0.939065 -1.048488 ... -0.678851 -0.715161 -0.675698]]",34,0.3333333333333333,0.6977676,155,64
"[[-0.709593 -0.715743 -0.771559 ... -2.209872 -2.010273 -1.920942]
 [-1.970576 -1.996475 -1.854161 ...  0.570078  0.573619  0.671621]
 [ 0.424145  0.128774 -0.276259 ...  0.097287  0.145381  0.221627]
 ...
 [ 1.256547  1.248844  1.237518 ... -0.7005   -0.695379 -0.698566]
 [-0.685084 -0.690376 -0.68801  ... -0.205505 -0.22164  -0.302736]
 [-0.298327 -0.295209 -0.313591 ... -0.660866 -0.678212 -0.648357]]",25,0.5098039215686274,0.8912808,156,96
"[[-0.47073  -0.466028 -0.465693 ...  0.841593  0.536664  0.569322]
 [ 0.594474  0.60045   0.617979 ... -1.341795 -1.029744 -0.840724]
 [-0.677002 -0.560815 -0.476228 ...  0.562432 -0.364052 -0.291986]
 ...
 [ 0.48558   0.472458  0.406478 ... -0.508058 -0.502928 -0.50039 ]
 [-0.508337 -0.498683 -0.476499 ... -0.435995 -0.445734 -0.452752]
 [-0.533979 -0.791635 -0.843252 ... -0.340989 -0.367297 -0.425994]]",25,0.5098039215686274,0.804561,157,49
"[[-0.440887 -0.452221 -0.447185 ...  0.748158  0.978029  1.008496]
 [ 1.024008  1.058046  1.044185 ... -0.953652 -1.044384 -0.984894]
 [-0.891926 -0.788926 -0.698249 ... -0.99665  -0.704251 -0.486864]
 ...
 [ 0.870214  0.894844  0.911238 ... -0.503908 -0.51278  -0.508952]
 [-0.479575 -0.474622 -0.520538 ... -0.13337  -0.13303  -0.113724]
 [-0.083587 -0.067351 -0.075454 ...  0.087712  0.014543 -0.242218]]",20,0.6078431372549019,0.73491675,158,112
"[[-5.740720e-01 -5.746480e-01 -5.730910e-01 ... -5.988770e-01
  -5.786420e-01 -5.666850e-01]
 [-5.789600e-01 -5.464340e-01 -5.288580e-01 ... -5.984030e-01
  -6.621200e-01 -6.462340e-01]
 [-6.458990e-01 -6.342610e-01 -6.319760e-01 ... -1.927723e+00
  -1.912863e+00 -1.883015e+00]
 ...
 [ 4.102970e-01  3.801570e-01  3.798900e-01 ... -2.857980e-01
  -2.943750e-01 -4.511680e-01]
 [-5.163800e-01 -5.076890e-01 -5.069150e-01 ... -1.522120e-01
  -1.090740e-01 -5.924500e-02]
 [-3.022000e-02  4.810000e-04 -2.793800e-02 ... -8.399760e-01
  -8.465250e-01 -8.693410e-01]]",4,0.9215686274509803,0.50232774,159,30
"[[-0.491314 -0.497969 -0.49756  ...  0.466579  0.486239  0.50513 ]
 [ 0.625727  0.624878  0.677586 ... -1.893539 -1.821408 -1.628471]
 [-1.457395 -1.297861 -1.035721 ...  0.350395  0.604652  0.636541]
 ...
 [ 0.043144  0.448013  0.593604 ... -0.717796 -0.724995 -0.71824 ]
 [-0.709411 -0.720162 -0.729889 ... -0.746891 -0.691813 -0.68941 ]
 [-0.696243 -0.779458 -0.678375 ... -0.415787 -0.512587 -0.517341]]",18,0.6470588235294118,0.5215709,160,10
"[[-0.572577 -0.572203 -0.572775 ... -0.560224 -0.554997 -0.56199 ]
 [-0.55822  -0.546306 -0.540102 ... -0.577059 -0.572666 -0.573331]
 [-0.576741 -0.574974 -0.581149 ... -1.565545 -1.564314 -1.548529]
 ...
 [ 0.62945   0.539177  0.408046 ... -0.477305 -0.338307 -0.377024]
 [-0.348151 -0.351904 -0.353247 ...  0.048305  0.079914  0.047914]
 [ 0.015312  0.005494  0.012189 ... -0.399466 -0.407908 -0.406417]]",19,0.6274509803921569,0.5615251,161,159
"[[-0.471557 -0.301914 -0.078111 ... -0.903782 -1.463705 -1.800905]
 [-2.256293 -2.312577 -2.323198 ... -0.700523 -0.690431 -0.68156 ]
 [-0.680533 -0.690261 -0.699933 ...  0.198213  0.651644  0.666134]
 ...
 [ 0.030152 -0.064264 -0.238985 ... -0.746333 -0.804623 -0.922319]
 [-0.740514 -0.865439 -0.68369  ...  0.79546   0.968196  1.068485]
 [ 1.081334  1.059416  1.010472 ... -0.385187 -0.393273 -0.386317]]",22,0.5686274509803921,0.9424335,162,39
"[[-0.621956 -0.618232 -0.626135 ... -0.919814 -0.879279 -0.85097 ]
 [-0.83375  -0.823407 -0.813531 ... -0.898162 -0.81793  -0.671838]
 [-0.671726 -0.70696  -0.732157 ... -1.983428 -1.988337 -1.94044 ]
 ...
 [ 0.546919  0.416605  0.258479 ... -0.770069 -0.781782 -0.790455]
 [-0.791437 -0.767873 -0.783664 ... -0.137511 -0.12639  -0.10804 ]
 [-0.142938 -0.092874 -0.090266 ... -0.734858 -0.734219 -0.731754]]",44,0.13725490196078433,0.9998338,163,126
"[[-0.538889 -0.560929 -0.534807 ... -0.482277 -0.431396 -0.482531]
 [-0.475659 -0.471067 -0.459244 ... -0.432211 -0.431891 -0.431883]
 [-0.43406  -0.437415 -0.436082 ... -1.669889 -1.602813 -1.613932]
 ...
 [-0.222069 -0.487977 -0.91491  ... -0.70398  -0.705778 -0.706538]
 [-0.707182 -0.733143 -0.720094 ...  0.069956  0.079014 -0.018714]
 [ 0.08425   0.054219 -0.059271 ... -0.619147 -0.647556 -0.644377]]",16,0.6862745098039216,0.51508576,164,118
"[[-0.649008 -0.644111 -0.666906 ... -1.554131 -2.296873 -2.285173]
 [-2.752618 -2.468596 -2.829092 ... -0.6755   -0.616542 -0.6142  ]
 [-0.617369 -0.623656 -0.624618 ...  0.391539  0.437794  0.425633]
 ...
 [-0.278842 -0.289713 -0.282547 ... -0.776935 -0.77318  -0.782094]
 [-0.827735 -1.125116 -1.444561 ... -0.827475 -0.377428 -0.19781 ]
 [ 0.054434  0.295746  0.463319 ... -0.707701 -0.719226 -0.727381]]",22,0.5686274509803921,0.58623606,165,39
"[[-0.579687 -0.586042 -0.588304 ... -0.554252 -0.534412 -0.52062 ]
 [-0.517087 -0.508448 -0.535201 ... -0.563553 -0.577898 -0.568021]
 [-0.562806 -0.551056 -0.542779 ... -1.881005 -1.882463 -1.882812]
 ...
 [-0.823935 -1.057002 -1.237321 ... -0.594308 -0.595936 -0.594165]
 [-0.59262  -0.594072 -0.594758 ...  0.024599 -0.032442 -0.09086 ]
 [-0.140015 -0.203361 -0.265931 ... -0.59343  -0.603776 -0.61373 ]]",23,0.5490196078431373,0.96430135,166,17
"[[-0.574791 -0.57381  -0.574154 ... -0.513057 -0.487526 -0.477116]
 [-0.452306 -0.447092 -0.4392   ... -0.572861 -0.574305 -0.573129]
 [-0.566214 -0.567394 -0.564884 ... -1.854056 -1.853436 -1.831072]
 ...
 [ 0.020153 -0.019229 -0.078927 ... -0.481822 -0.483041 -0.483698]
 [-0.486025 -0.490775 -0.488549 ...  0.471192  0.515014  0.537956]
 [ 0.56776   0.565257  0.544864 ... -0.385165 -0.347584 -0.356868]]",10,0.803921568627451,0.99810994,167,90
"[[-0.647672 -0.653511 -0.642305 ...  0.036889  0.311563  0.506871]
 [ 0.45604   0.599161  0.710742 ... -0.765982 -0.72369  -0.645501]
 [-0.624031 -0.62637  -0.628032 ... -1.189943 -1.054337 -0.943153]
 ...
 [ 0.581045  0.567973  0.559385 ... -0.637277 -0.638615 -0.639736]
 [-0.634516 -0.641629 -0.642789 ... -0.194488 -0.183119 -0.227733]
 [-0.169261 -0.379788 -0.368341 ... -0.502591 -0.491158 -0.497084]]",23,0.5490196078431373,0.78018713,168,63
"[[-0.502737 -0.48238  -0.472163 ... -0.398379 -0.389342 -0.379122]
 [-0.382501 -0.369226 -0.371235 ... -0.450396 -0.453241 -0.45624 ]
 [-0.46015  -0.465046 -0.465957 ... -1.779509 -1.784569 -1.781359]
 ...
 [ 0.217295  0.210353  0.204649 ... -0.8212   -0.811698 -0.811564]
 [-0.803556 -0.801481 -0.793212 ... -0.558611 -0.440337 -0.328399]
 [-0.267561 -0.258225 -0.242488 ... -0.751149 -0.826301 -0.795985]]",8,0.8431372549019608,0.9988971,169,9
"[[-4.386520e-01 -4.347890e-01 -4.325340e-01 ... -4.854480e-01
  -4.823020e-01 -4.822370e-01]
 [-4.809840e-01 -4.797050e-01 -4.769020e-01 ... -5.123810e-01
  -5.146660e-01 -5.159560e-01]
 [-5.173680e-01 -5.155380e-01 -5.185120e-01 ... -1.730476e+00
  -1.676087e+00 -1.616417e+00]
 ...
 [ 4.643100e-02  7.830000e-04 -1.431480e-01 ... -5.039170e-01
  -5.146810e-01 -5.174440e-01]
 [-5.154530e-01 -5.201370e-01 -5.193650e-01 ...  8.968580e-01
   8.193440e-01  8.738020e-01]
 [ 8.560600e-01  8.400340e-01  8.377490e-01 ... -6.310850e-01
  -6.283840e-01 -6.271670e-01]]",6,0.8823529411764706,0.8117871,170,104
"[[-0.476117 -0.4705   -0.474443 ... -1.350734 -1.310498 -0.909137]
 [-0.532772 -0.110012  0.181197 ... -0.859166 -0.837351 -0.769369]
 [-0.684986 -0.545003 -0.53447  ... -1.625026 -1.51959  -1.394628]
 ...
 [ 1.121412  1.096457  1.119822 ... -0.782855 -0.788313 -0.784847]
 [-0.788892 -0.782314 -0.787741 ... -0.827298 -0.706727 -0.549682]
 [-0.404768 -0.326423 -0.266055 ... -0.700095 -0.711139 -0.664324]]",33,0.35294117647058826,0.50111425,171,177
"[[-0.569783 -0.569783 -0.570086 ...  0.277013  0.227753  0.260352]
 [ 0.253917  0.169853 -0.191698 ... -0.528659 -0.548166 -0.550902]
 [-0.553553 -0.547776 -0.547663 ... -0.664727 -0.172887  0.158886]
 ...
 [ 1.154504  1.081351  1.026778 ... -0.696612 -0.697036 -0.696157]
 [-0.673728 -0.68901  -0.691475 ... -0.464394 -0.33126  -0.232591]
 [-0.43562  -0.314558 -0.336077 ... -0.643622 -0.640855 -0.634664]]",20,0.6078431372549019,0.6158201,172,133
"[[-0.509134 -0.509801 -0.501896 ... -0.519372 -0.51026  -0.495139]
 [-0.491678 -0.48164  -0.478037 ... -0.479869 -0.475993 -0.476658]
 [-0.478921 -0.480022 -0.481691 ... -1.803706 -1.806781 -1.815526]
 ...
 [ 0.86767   0.78535   0.808112 ... -0.780347 -0.750816 -0.771649]
 [-0.775721 -0.7705   -0.77514  ... -0.229729 -0.170529 -0.134122]
 [-0.13404  -0.155091 -0.146587 ... -0.607204 -0.601414 -0.588886]]",40,0.21568627450980393,0.5637146,173,159
"[[-0.453087 -0.454305 -0.457639 ... -0.360917 -0.359658 -0.360783]
 [-0.461848 -0.460495 -0.47285  ... -0.488638 -0.477026 -0.467385]
 [-0.468648 -0.463808 -0.468491 ... -1.967322 -1.941062 -1.926026]
 ...
 [ 0.817794  0.778545  0.765864 ... -0.391813 -0.362456 -0.354713]
 [-0.356372 -0.330094 -0.349554 ...  0.466321  0.382227  0.346442]
 [ 0.322167  0.328686  0.333635 ... -0.374703 -0.529829 -0.542442]]",11,0.7843137254901961,0.77137256,174,85
"[[-0.553245 -0.551704 -0.548044 ...  0.762295  0.832226  0.852569]
 [ 0.856711  0.861468  0.859234 ... -0.727722 -0.721847 -0.687693]
 [-0.655425 -0.627145 -0.613324 ... -0.230961 -0.211916 -0.239646]
 ...
 [ 1.12513   1.125033  1.083113 ... -0.540128 -0.537885 -0.574433]
 [-0.541705 -0.550021 -0.538729 ...  0.09235   0.088141  0.081261]
 [ 0.094447  0.100118  0.123775 ... -0.495064 -0.483206 -0.538299]]",27,0.47058823529411764,0.76600987,175,67
"[[-0.411974 -0.427559 -0.43943  ... -0.411988 -0.407025 -0.405861]
 [-0.402919 -0.396656 -0.393936 ... -0.444902 -0.453351 -0.455989]
 [-0.462371 -0.461314 -0.460288 ... -1.738065 -1.706563 -1.588684]
 ...
 [ 0.290806  0.288166  0.276314 ... -0.607972 -0.602509 -0.625224]
 [-0.614509 -0.618053 -0.618336 ...  1.02706   0.988448  0.97502 ]
 [ 0.953244  0.940749  0.947936 ... -0.589744 -0.582095 -0.578737]]",2,0.9607843137254902,0.9175279,176,14
"[[-0.596643 -0.601261 -0.60344  ... -1.129582 -0.610277 -0.121381]
 [ 0.319716  0.517336  0.53215  ... -0.693657 -0.683554 -0.645831]
 [-0.641527 -0.640459 -0.636408 ...  0.29025   0.379546  0.420662]
 ...
 [-0.134688 -0.062197 -0.021974 ... -0.50309  -0.506498 -0.526983]
 [-0.497638 -0.539332 -0.551759 ... -0.361881 -0.556846 -0.564873]
 [-0.344195 -0.413589 -0.402944 ... -0.316853 -0.453351 -0.325793]]",23,0.5490196078431373,0.6562298,177,145
"[[-0.65806  -0.647922 -0.63393  ...  0.659381  0.675365  0.809512]
 [ 0.443663  0.110828 -0.634571 ... -0.70602  -0.74516  -0.701983]
 [-0.597178 -0.573916 -0.605648 ... -0.457941 -0.271128 -0.382039]
 ...
 [ 0.085766  0.073485  0.094356 ... -0.803786 -0.797125 -0.762271]
 [-0.80167  -0.807911 -0.743911 ... -0.514704 -1.106221 -1.379167]
 [-1.10562  -0.706387 -0.367822 ... -0.565548 -0.651913 -0.667249]]",18,0.6470588235294118,0.5486674,178,68
"[[-0.660345 -0.655133 -0.651957 ...  0.573612  0.585045  0.446655]
 [ 0.803517  0.800203  0.808673 ... -0.978517 -0.845492 -0.761116]
 [-0.67908  -0.670308 -0.651644 ...  0.492792  0.580276  0.646897]
 ...
 [-0.251998 -0.363614  0.051467 ... -0.708122 -0.71137  -0.7199  ]
 [-0.72105  -0.755922 -0.767936 ... -0.397189 -0.518324 -0.525257]
 [-0.533854 -0.538349 -0.552213 ... -0.639949 -0.698685 -0.669245]]",13,0.7450980392156863,0.55579877,179,169
